Id,Product_id,Sales_Head_id,Sales_Head_Date_id,Amount_Of_Sales,SubTotal_Price,Total_Price
0,55,1,1,2,1943.28,15018.09
1,14,1,1,4,3019.72,15018.09
2,65,1,1,3,1474.71,15018.09
3,20,1,1,1,1588.84,15018.09
4,60,1,1,2,1311.46,15018.09
5,53,1,1,4,5680.08,15018.09
6,16,2,2,2,3093.70,6371.70
7,42,2,2,2,1143.70,6371.70
8,25,2,2,2,2134.30,6371.70
9,37,3,3,4,4830.68,4830.68
10,20,4,4,2,3177.68,18158.76
11,14,4,4,4,3019.72,18158.76
12,44,4,4,3,4558.86,18158.76
13,22,4,4,5,677.20,18158.76
14,8,4,4,5,3860.50,18158.76
15,56,4,4,5,2864.80,18158.76
16,25,5,5,3,3201.45,3384.71
17,59,5,5,2,183.26,3384.71
18,5,6,6,2,3109.70,14432.26
19,56,6,6,4,2291.84,14432.26
20,23,6,6,2,3151.64,14432.26
21,58,6,6,2,132.28,14432.26
22,41,6,6,3,5746.80,14432.26
23,29,7,7,5,2120.15,17153.79
24,31,7,7,4,2420.44,17153.79
25,16,7,7,4,6187.40,17153.79
26,23,7,7,2,3151.64,17153.79
27,17,7,7,4,3274.16,17153.79
28,41,8,8,3,5746.80,25132.47
29,15,8,8,5,3686.60,25132.47
30,20,8,8,4,6355.36,25132.47
31,48,8,8,3,4932.42,25132.47
32,9,8,8,4,772.08,25132.47
33,45,8,8,3,3639.21,25132.47
34,48,9,9,3,4932.42,6015.36
35,13,9,9,2,1082.94,6015.36
36,39,10,10,4,5674.88,6679.28
37,32,10,10,3,1004.40,6679.28
38,9,11,11,4,772.08,9368.28
39,46,11,11,5,2636.70,9368.28
40,16,11,11,3,4640.55,9368.28
41,51,11,11,5,1318.95,9368.28
42,30,12,12,4,7224.72,10376.36
43,23,12,12,2,3151.64,10376.36
44,58,13,13,1,66.14,66.14
45,46,14,14,3,1582.02,6222.57
46,16,14,14,3,4640.55,6222.57
47,18,15,15,3,3133.77,12260.50
48,52,15,15,2,3939.92,12260.50
49,63,15,15,5,1563.80,12260.50
50,37,15,15,3,3623.01,12260.50
51,50,16,16,5,4280.30,4968.74
52,38,16,16,4,688.44,4968.74
53,8,17,17,3,2316.30,2316.30
54,54,18,18,3,5273.01,5273.01
55,21,19,19,4,5927.08,6699.16
56,9,19,19,4,772.08,6699.16
57,39,20,20,4,5674.88,12740.84
58,40,20,20,3,3562.41,12740.84
59,20,20,20,2,3177.68,12740.84
60,36,20,20,1,325.87,12740.84
61,49,21,21,3,2823.75,11645.28
62,43,21,21,4,7843.92,11645.28
63,36,21,21,3,977.61,11645.28
64,57,22,22,5,4399.80,14674.42
65,41,22,22,2,3831.20,14674.42
66,29,22,22,4,1696.12,14674.42
67,56,22,22,5,2864.80,14674.42
68,49,22,22,2,1882.50,14674.42
69,56,23,23,1,572.96,14893.15
70,55,23,23,5,4858.20,14893.15
71,23,23,23,4,6303.28,14893.15
72,59,23,23,1,91.63,14893.15
73,36,23,23,2,651.74,14893.15
74,37,23,23,2,2415.34,14893.15
75,63,24,24,4,1251.04,18124.69
76,43,24,24,4,7843.92,18124.69
77,33,24,24,1,1493.13,18124.69
78,2,24,24,5,7536.60,18124.69
79,20,25,25,2,3177.68,11012.66
80,13,25,25,2,1082.94,11012.66
81,17,25,25,2,1637.08,11012.66
82,27,25,25,2,3775.76,11012.66
83,32,25,25,4,1339.20,11012.66
84,61,26,26,1,899.24,899.24
85,24,27,27,4,1448.84,9558.30
86,23,27,27,4,6303.28,9558.30
87,30,27,27,1,1806.18,9558.30
88,61,28,28,4,3596.96,13931.38
89,5,28,28,2,3109.70,13931.38
90,30,28,28,4,7224.72,13931.38
91,6,29,29,1,989.80,11112.58
92,10,29,29,3,2314.11,11112.58
93,50,29,29,4,3424.24,11112.58
94,51,29,29,2,527.58,11112.58
95,10,29,29,5,3856.85,11112.58
96,22,30,30,1,135.44,135.44
97,28,31,31,3,2445.42,10107.82
98,41,31,31,4,7662.40,10107.82
99,15,32,32,3,2211.96,10299.95
100,54,32,32,3,5273.01,10299.95
101,51,32,32,2,527.58,10299.95
102,42,32,32,4,2287.40,10299.95
103,24,33,33,5,1811.05,14971.01
104,27,33,33,3,5663.64,14971.01
105,4,33,33,4,7496.32,14971.01
106,29,34,34,4,1696.12,3785.30
107,18,34,34,2,2089.18,3785.30
108,39,35,35,3,4256.16,18334.32
109,27,35,35,4,7551.52,18334.32
110,15,35,35,5,3686.60,18334.32
111,53,35,35,2,2840.04,18334.32
112,39,36,36,4,5674.88,14240.90
113,26,36,36,3,5651.10,14240.90
114,55,36,36,3,2914.92,14240.90
115,42,37,37,5,2859.25,6143.11
116,3,37,37,3,3283.86,6143.11
117,34,38,38,4,6099.84,7182.78
118,13,38,38,2,1082.94,7182.78
119,63,39,39,4,1251.04,9208.70
120,15,39,39,2,1474.64,9208.70
121,61,39,39,3,2697.72,9208.70
122,18,39,39,2,2089.18,9208.70
123,29,39,39,4,1696.12,9208.70
124,3,40,40,2,2189.24,10069.08
125,52,40,40,4,7879.84,10069.08
126,42,41,41,4,2287.40,9783.72
127,4,41,41,4,7496.32,9783.72
128,33,42,42,4,5972.52,13439.40
129,8,42,42,4,3088.40,13439.40
130,3,42,42,4,4378.48,13439.40
131,46,43,43,3,1582.02,15200.18
132,57,43,43,3,2639.88,15200.18
133,6,43,43,5,4949.00,15200.18
134,2,43,43,4,6029.28,15200.18
135,54,44,44,2,3515.34,9666.07
136,25,44,44,3,3201.45,9666.07
137,15,44,44,4,2949.28,9666.07
138,26,45,45,2,3767.40,18095.33
139,39,45,45,2,2837.44,18095.33
140,18,45,45,4,4178.36,18095.33
141,18,45,45,4,4178.36,18095.33
142,18,45,45,3,3133.77,18095.33
143,54,46,46,2,3515.34,8776.03
144,29,46,46,3,1272.09,8776.03
145,13,46,46,5,2707.35,8776.03
146,60,46,46,1,655.73,8776.03
147,63,46,46,2,625.52,8776.03
148,55,47,47,3,2914.92,15294.59
149,36,47,47,3,977.61,15294.59
150,17,47,47,1,818.54,15294.59
151,26,47,47,3,5651.10,15294.59
152,48,47,47,3,4932.42,15294.59
153,1,48,48,5,5200.65,7656.27
154,17,48,48,3,2455.62,7656.27
155,49,49,49,4,3765.00,17209.78
156,46,49,49,5,2636.70,17209.78
157,32,49,49,4,1339.20,17209.78
158,35,49,49,4,6044.64,17209.78
159,50,49,49,4,3424.24,17209.78
160,28,50,50,4,3260.56,13718.12
161,14,50,50,3,2264.79,13718.12
162,20,50,50,3,4766.52,13718.12
163,25,50,50,3,3201.45,13718.12
164,47,50,50,5,224.80,13718.12
165,37,51,51,3,3623.01,8896.02
166,54,51,51,3,5273.01,8896.02
167,22,52,52,2,270.88,270.88
168,35,53,53,4,6044.64,15054.13
169,54,53,53,5,8788.35,15054.13
170,12,53,53,1,221.14,15054.13
171,3,54,54,3,3283.86,13440.38
172,17,54,54,2,1637.08,13440.38
173,54,54,54,2,3515.34,13440.38
174,18,54,54,2,2089.18,13440.38
175,55,54,54,3,2914.92,13440.38
176,39,55,55,2,2837.44,5677.48
177,53,55,55,2,2840.04,5677.48
178,50,56,56,4,3424.24,14047.34
179,47,56,56,3,134.88,14047.34
180,8,56,56,2,1544.20,14047.34
181,2,56,56,3,4521.96,14047.34
182,53,56,56,2,2840.04,14047.34
183,46,56,56,3,1582.02,14047.34
184,54,57,57,4,7030.68,19311.19
185,11,57,57,2,717.26,19311.19
186,19,57,57,5,9554.45,19311.19
187,32,57,57,2,669.60,19311.19
188,32,57,57,4,1339.20,19311.19
189,31,58,58,5,3025.55,5662.25
190,46,58,58,5,2636.70,5662.25
191,56,59,59,4,2291.84,4306.13
192,12,59,59,1,221.14,4306.13
193,11,59,59,5,1793.15,4306.13
194,16,60,60,1,1546.85,4596.77
195,34,60,60,2,3049.92,4596.77
196,18,61,61,3,3133.77,15976.17
197,35,61,61,1,1511.16,15976.17
198,18,61,61,3,3133.77,15976.17
199,55,61,61,4,3886.56,15976.17
200,64,61,61,3,4310.91,15976.17
201,51,62,62,2,527.58,21283.29
202,33,62,62,3,4479.39,21283.29
203,27,62,62,4,7551.52,21283.29
204,34,62,62,2,3049.92,21283.29
205,39,62,62,4,5674.88,21283.29
206,46,63,63,4,2109.36,12850.24
207,20,63,63,1,1588.84,12850.24
208,60,63,63,3,1967.19,12850.24
209,64,63,63,5,7184.85,12850.24
210,10,64,64,2,1542.74,7898.10
211,20,64,64,4,6355.36,7898.10
212,36,65,65,1,325.87,19698.73
213,43,65,65,3,5882.94,19698.73
214,4,65,65,4,7496.32,19698.73
215,39,65,65,1,1418.72,19698.73
216,34,65,65,3,4574.88,19698.73
217,23,66,66,3,4727.46,9223.66
218,61,66,66,5,4496.20,9223.66
219,11,67,67,4,1434.52,9106.12
220,2,67,67,4,6029.28,9106.12
221,31,67,67,1,605.11,9106.12
222,9,67,67,3,579.06,9106.12
223,59,67,67,5,458.15,9106.12
224,64,68,68,2,2873.94,7500.22
225,15,68,68,2,1474.64,7500.22
226,23,68,68,2,3151.64,7500.22
227,59,69,69,1,91.63,91.63
228,50,70,70,4,3424.24,3596.35
229,38,70,70,1,172.11,3596.35
230,62,71,71,5,5802.50,28689.38
231,16,71,71,3,4640.55,28689.38
232,34,71,71,3,4574.88,28689.38
233,30,71,71,5,9030.90,28689.38
234,16,71,71,3,4640.55,28689.38
235,48,72,72,2,3288.28,14603.16
236,44,72,72,4,6078.48,14603.16
237,42,72,72,1,571.85,14603.16
238,5,72,72,3,4664.55,14603.16
239,44,73,73,5,7598.10,13428.17
240,15,73,73,2,1474.64,13428.17
241,25,73,73,1,1067.15,13428.17
242,48,73,73,2,3288.28,13428.17
243,15,74,74,1,737.32,737.32
244,39,75,75,2,2837.44,9648.81
245,60,75,75,4,2622.92,9648.81
246,18,75,75,3,3133.77,9648.81
247,46,75,75,2,1054.68,9648.81
248,1,76,76,2,2080.26,11891.17
249,26,76,76,2,3767.40,11891.17
250,6,76,76,1,989.80,11891.17
251,28,76,76,4,3260.56,11891.17
252,11,76,76,5,1793.15,11891.17
253,57,77,77,4,3519.84,3519.84
254,25,78,78,2,2134.30,2134.30
255,33,79,79,5,7465.65,15554.47
256,32,79,79,5,1674.00,15554.47
257,17,79,79,3,2455.62,15554.47
258,6,79,79,4,3959.20,15554.47
259,31,80,80,5,3025.55,10667.93
260,23,80,80,3,4727.46,10667.93
261,55,80,80,3,2914.92,10667.93
262,10,81,81,4,3085.48,13835.58
263,56,81,81,5,2864.80,13835.58
264,46,81,81,3,1582.02,13835.58
265,23,81,81,4,6303.28,13835.58
266,41,82,82,3,5746.80,15461.42
267,4,82,82,2,3748.16,15461.42
268,38,82,82,2,344.22,15461.42
269,4,82,82,3,5622.24,15461.42
270,1,83,83,2,2080.26,17623.03
271,46,83,83,3,1582.02,17623.03
272,26,83,83,3,5651.10,17623.03
273,11,83,83,4,1434.52,17623.03
274,5,83,83,4,6219.40,17623.03
275,60,83,83,1,655.73,17623.03
276,41,84,84,1,1915.60,10917.73
277,14,84,84,3,2264.79,10917.73
278,9,84,84,4,772.08,10917.73
279,28,84,84,3,2445.42,10917.73
280,57,84,84,4,3519.84,10917.73
281,64,85,85,1,1436.97,9438.45
282,47,85,85,4,179.84,9438.45
283,36,85,85,2,651.74,9438.45
284,1,85,85,3,3120.39,9438.45
285,29,85,85,2,848.06,9438.45
286,25,85,85,3,3201.45,9438.45
287,38,86,86,4,688.44,16629.64
288,48,86,86,2,3288.28,16629.64
289,4,86,86,3,5622.24,16629.64
290,54,86,86,4,7030.68,16629.64
291,52,87,87,3,5909.88,8530.44
292,56,87,87,2,1145.92,8530.44
293,15,87,87,2,1474.64,8530.44
294,21,88,88,3,4445.31,12107.71
295,41,88,88,4,7662.40,12107.71
296,64,89,89,5,7184.85,13100.47
297,50,89,89,2,1712.12,13100.47
298,62,89,89,2,2321.00,13100.47
299,49,89,89,2,1882.50,13100.47
300,41,90,90,4,7662.40,22115.71
301,45,90,90,4,4852.28,22115.71
302,45,90,90,5,6065.35,22115.71
303,31,90,90,4,2420.44,22115.71
304,7,90,90,2,1115.24,22115.71
305,60,91,91,4,2622.92,6458.28
306,38,91,91,4,688.44,6458.28
307,2,91,91,2,3014.64,6458.28
308,58,91,91,2,132.28,6458.28
309,5,92,92,3,4664.55,4664.55
310,6,93,93,3,2969.40,14725.40
311,39,93,93,1,1418.72,14725.40
312,26,93,93,3,5651.10,14725.40
313,28,93,93,3,2445.42,14725.40
314,12,93,93,2,442.28,14725.40
315,61,93,93,2,1798.48,14725.40
316,13,94,94,4,2165.88,14876.37
317,28,94,94,2,1630.28,14876.37
318,10,94,94,4,3085.48,14876.37
319,33,94,94,3,4479.39,14876.37
320,54,94,94,2,3515.34,14876.37
321,20,95,95,2,3177.68,13899.42
322,62,95,95,5,5802.50,13899.42
323,52,95,95,1,1969.96,13899.42
324,15,95,95,4,2949.28,13899.42
325,64,96,96,2,2873.94,2873.94
326,4,97,97,4,7496.32,9006.18
327,14,97,97,2,1509.86,9006.18
328,17,98,98,2,1637.08,2361.50
329,24,98,98,2,724.42,2361.50
330,21,99,99,5,7408.85,14028.55
331,61,99,99,3,2697.72,14028.55
332,44,99,99,1,1519.62,14028.55
333,28,99,99,2,1630.28,14028.55
334,9,99,99,4,772.08,14028.55
335,51,100,100,4,1055.16,1055.16
336,61,101,101,3,2697.72,20461.57
337,41,101,101,3,5746.80,20461.57
338,23,101,101,1,1575.82,20461.57
339,46,101,101,4,2109.36,20461.57
340,55,101,101,4,3886.56,20461.57
341,21,101,101,3,4445.31,20461.57
342,63,102,102,1,312.76,4252.68
343,52,102,102,2,3939.92,4252.68
344,28,103,103,2,1630.28,9166.88
345,2,103,103,5,7536.60,9166.88
346,27,104,104,4,7551.52,12090.82
347,42,104,104,2,1143.70,12090.82
348,49,104,104,3,2823.75,12090.82
349,42,104,104,1,571.85,12090.82
350,43,105,105,2,3921.96,7790.86
351,11,105,105,2,717.26,7790.86
352,23,105,105,2,3151.64,7790.86
353,10,106,106,5,3856.85,12740.61
354,55,106,106,3,2914.92,12740.61
355,63,106,106,2,625.52,12740.61
356,35,106,106,2,3022.32,12740.61
357,62,106,106,2,2321.00,12740.61
358,53,107,107,3,4260.06,10447.46
359,16,107,107,4,6187.40,10447.46
360,57,108,108,3,2639.88,12721.52
361,31,108,108,5,3025.55,12721.52
362,36,108,108,3,977.61,12721.52
363,44,108,108,4,6078.48,12721.52
364,28,109,109,3,2445.42,18505.74
365,49,109,109,5,4706.25,18505.74
366,16,109,109,1,1546.85,18505.74
367,25,109,109,4,4268.60,18505.74
368,8,109,109,1,772.10,18505.74
369,20,109,109,3,4766.52,18505.74
370,24,110,110,1,362.21,8230.73
371,30,110,110,2,3612.36,8230.73
372,39,110,110,3,4256.16,8230.73
373,35,111,111,3,4533.48,8100.14
374,36,111,111,2,651.74,8100.14
375,55,111,111,3,2914.92,8100.14
376,20,112,112,2,3177.68,7182.63
377,1,112,112,3,3120.39,7182.63
378,12,112,112,4,884.56,7182.63
379,15,113,113,4,2949.28,17421.77
380,28,113,113,3,2445.42,17421.77
381,47,113,113,4,179.84,17421.77
382,52,113,113,3,5909.88,17421.77
383,40,113,113,5,5937.35,17421.77
384,13,114,114,4,2165.88,3124.88
385,9,114,114,2,386.04,3124.88
386,56,114,114,1,572.96,3124.88
387,42,115,115,5,2859.25,2859.25
388,49,116,116,1,941.25,29820.20
389,36,116,116,3,977.61,29820.20
390,27,116,116,4,7551.52,29820.20
391,48,116,116,5,8220.70,29820.20
392,34,116,116,4,6099.84,29820.20
393,2,116,116,4,6029.28,29820.20
394,31,117,117,5,3025.55,13776.32
395,31,117,117,3,1815.33,13776.32
396,39,117,117,4,5674.88,13776.32
397,28,117,117,4,3260.56,13776.32
398,8,118,118,1,772.10,2444.96
399,7,118,118,3,1672.86,2444.96
400,28,119,119,3,2445.42,18533.61
401,1,119,119,5,5200.65,18533.61
402,9,119,119,5,965.10,18533.61
403,30,119,119,4,7224.72,18533.61
404,61,119,119,3,2697.72,18533.61
405,24,120,120,1,362.21,19390.29
406,3,120,120,4,4378.48,19390.29
407,15,120,120,2,1474.64,19390.29
408,61,120,120,4,3596.96,19390.29
409,41,120,120,5,9578.00,19390.29
410,56,121,121,1,572.96,7249.56
411,39,121,121,3,4256.16,7249.56
412,31,121,121,4,2420.44,7249.56
413,20,122,122,2,3177.68,10392.76
414,34,122,122,1,1524.96,10392.76
415,34,122,122,3,4574.88,10392.76
416,7,122,122,2,1115.24,10392.76
417,27,123,123,4,7551.52,22908.12
418,64,123,123,1,1436.97,22908.12
419,50,123,123,5,4280.30,22908.12
420,7,123,123,4,2230.48,22908.12
421,21,123,123,5,7408.85,22908.12
422,51,124,124,4,1055.16,15882.34
423,43,124,124,5,9804.90,15882.34
424,13,124,124,3,1624.41,15882.34
425,11,124,124,1,358.63,15882.34
426,44,124,124,2,3039.24,15882.34
427,7,125,125,5,2788.10,14973.93
428,37,125,125,5,6038.35,14973.93
429,53,125,125,1,1420.02,14973.93
430,23,125,125,3,4727.46,14973.93
431,7,126,126,1,557.62,557.62
432,57,127,127,2,1759.92,7271.04
433,51,127,127,4,1055.16,7271.04
434,46,127,127,3,1582.02,7271.04
435,64,127,127,2,2873.94,7271.04
436,47,128,128,2,89.92,7556.06
437,30,128,128,3,5418.54,7556.06
438,56,128,128,1,572.96,7556.06
439,15,128,128,2,1474.64,7556.06
440,55,129,129,3,2914.92,5990.46
441,16,129,129,1,1546.85,5990.46
442,51,129,129,3,791.37,5990.46
443,15,129,129,1,737.32,5990.46
444,41,130,130,5,9578.00,15253.90
445,37,130,130,2,2415.34,15253.90
446,28,130,130,4,3260.56,15253.90
447,47,131,131,3,134.88,8013.98
448,23,131,131,5,7879.10,8013.98
449,56,132,132,3,1718.88,7191.98
450,3,132,132,5,5473.10,7191.98
451,20,133,133,2,3177.68,13343.80
452,11,133,133,1,358.63,13343.80
453,9,133,133,1,193.02,13343.80
454,60,133,133,1,655.73,13343.80
455,3,133,133,3,3283.86,13343.80
456,39,133,133,4,5674.88,13343.80
457,47,134,134,4,179.84,2058.09
458,44,134,134,1,1519.62,2058.09
459,11,134,134,1,358.63,2058.09
460,29,135,135,1,424.03,4803.43
461,7,135,135,1,557.62,4803.43
462,19,135,135,2,3821.78,4803.43
463,4,136,136,1,1874.08,13424.10
464,21,136,136,2,2963.54,13424.10
465,12,136,136,5,1105.70,13424.10
466,18,136,136,4,4178.36,13424.10
467,26,136,136,1,1883.70,13424.10
468,39,136,136,1,1418.72,13424.10
469,2,137,137,3,4521.96,16821.96
470,7,137,137,2,1115.24,16821.96
471,56,137,137,3,1718.88,16821.96
472,43,137,137,4,7843.92,16821.96
473,3,137,137,1,1094.62,16821.96
474,46,137,137,1,527.34,16821.96
475,62,138,138,1,1160.50,9701.11
476,54,138,138,3,5273.01,9701.11
477,47,138,138,2,89.92,9701.11
478,20,138,138,2,3177.68,9701.11
479,58,139,139,4,264.56,7700.35
480,29,139,139,2,848.06,7700.35
481,65,139,139,5,2457.85,7700.35
482,2,139,139,2,3014.64,7700.35
483,7,139,139,2,1115.24,7700.35
484,2,140,140,3,4521.96,19809.36
485,53,140,140,5,7100.10,19809.36
486,6,140,140,4,3959.20,19809.36
487,19,140,140,2,3821.78,19809.36
488,22,140,140,3,406.32,19809.36
489,36,141,141,5,1629.35,13174.27
490,8,141,141,2,1544.20,13174.27
491,3,141,141,4,4378.48,13174.27
492,4,141,141,3,5622.24,13174.27
493,54,142,142,4,7030.68,10116.16
494,10,142,142,4,3085.48,10116.16
495,50,143,143,1,856.06,4033.74
496,20,143,143,2,3177.68,4033.74
497,25,144,144,4,4268.60,5344.49
498,11,144,144,3,1075.89,5344.49
499,18,145,145,3,3133.77,8124.08
500,24,145,145,5,1811.05,8124.08
501,5,145,145,1,1554.85,8124.08
502,13,145,145,3,1624.41,8124.08
503,6,146,146,4,3959.20,3959.20
504,34,147,147,3,4574.88,8491.63
505,36,147,147,5,1629.35,8491.63
506,42,147,147,4,2287.40,8491.63
507,19,148,148,1,1910.89,3584.89
508,32,148,148,5,1674.00,3584.89
509,16,149,149,3,4640.55,5755.79
510,7,149,149,2,1115.24,5755.79
511,13,150,150,2,1082.94,5422.19
512,26,150,150,2,3767.40,5422.19
513,42,150,150,1,571.85,5422.19
514,13,151,151,1,541.47,541.47
515,62,152,152,4,4642.00,14998.40
516,42,152,152,5,2859.25,14998.40
517,6,152,152,4,3959.20,14998.40
518,17,152,152,4,3274.16,14998.40
519,51,152,152,1,263.79,14998.40
520,52,153,153,3,5909.88,27752.69
521,48,153,153,3,4932.42,27752.69
522,20,153,153,4,6355.36,27752.69
523,28,153,153,4,3260.56,27752.69
524,51,153,153,1,263.79,27752.69
525,54,153,153,4,7030.68,27752.69
526,11,154,154,3,1075.89,7105.17
527,2,154,154,4,6029.28,7105.17
528,64,155,155,4,5747.88,5747.88
529,40,156,156,3,3562.41,4004.69
530,12,156,156,2,442.28,4004.69
531,30,157,157,1,1806.18,17798.12
532,6,157,157,3,2969.40,17798.12
533,25,157,157,2,2134.30,17798.12
534,27,157,157,5,9439.40,17798.12
535,24,157,157,4,1448.84,17798.12
536,51,158,158,1,263.79,2475.75
537,15,158,158,3,2211.96,2475.75
538,59,159,159,3,274.89,11693.61
539,11,159,159,4,1434.52,11693.61
540,33,159,159,3,4479.39,11693.61
541,14,159,159,1,754.93,11693.61
542,40,159,159,4,4749.88,11693.61
543,64,160,160,2,2873.94,6157.80
544,3,160,160,3,3283.86,6157.80
545,28,161,161,2,1630.28,1630.28
546,45,162,162,5,6065.35,13158.95
547,39,162,162,5,7093.60,13158.95
548,58,163,163,3,198.42,4825.00
549,59,163,163,4,366.52,4825.00
550,53,163,163,3,4260.06,4825.00
551,7,164,164,5,2788.10,9391.84
552,8,164,164,4,3088.40,9391.84
553,54,164,164,2,3515.34,9391.84
554,37,165,165,1,1207.67,22362.41
555,4,165,165,4,7496.32,22362.41
556,34,165,165,4,6099.84,22362.41
557,39,165,165,4,5674.88,22362.41
558,26,165,165,1,1883.70,22362.41
559,44,166,166,4,6078.48,13700.87
560,22,166,166,4,541.76,13700.87
561,10,166,166,3,2314.11,13700.87
562,20,166,166,3,4766.52,13700.87
563,40,167,167,3,3562.41,8206.54
564,13,167,167,3,1624.41,8206.54
565,14,167,167,4,3019.72,8206.54
566,7,168,168,2,1115.24,6863.12
567,64,168,168,4,5747.88,6863.12
568,25,169,169,1,1067.15,16515.21
569,54,169,169,3,5273.01,16515.21
570,44,169,169,4,6078.48,16515.21
571,51,169,169,2,527.58,16515.21
572,24,169,169,4,1448.84,16515.21
573,29,169,169,5,2120.15,16515.21
574,49,170,170,3,2823.75,2823.75
575,18,171,171,2,2089.18,2089.18
576,27,172,172,5,9439.40,21649.32
577,1,172,172,3,3120.39,21649.32
578,49,172,172,3,2823.75,21649.32
579,12,172,172,1,221.14,21649.32
580,35,172,172,4,6044.64,21649.32
581,48,173,173,4,6576.56,6576.56
582,26,174,174,2,3767.40,14388.72
583,53,174,174,4,5680.08,14388.72
584,46,174,174,2,1054.68,14388.72
585,55,174,174,4,3886.56,14388.72
586,45,175,175,3,3639.21,5869.69
587,7,175,175,4,2230.48,5869.69
588,31,176,176,4,2420.44,11736.57
589,10,176,176,4,3085.48,11736.57
590,31,176,176,1,605.11,11736.57
591,39,176,176,2,2837.44,11736.57
592,7,176,176,5,2788.10,11736.57
593,16,177,177,3,4640.55,9199.41
594,44,177,177,3,4558.86,9199.41
595,32,178,178,3,1004.40,4097.79
596,9,178,178,2,386.04,4097.79
597,13,178,178,5,2707.35,4097.79
598,10,179,179,3,2314.11,3858.31
599,8,179,179,2,1544.20,3858.31
600,30,180,180,3,5418.54,7833.88
601,37,180,180,2,2415.34,7833.88
602,51,181,181,4,1055.16,1055.16
603,26,182,182,1,1883.70,11868.06
604,44,182,182,4,6078.48,11868.06
605,9,182,182,2,386.04,11868.06
606,57,182,182,4,3519.84,11868.06
607,15,183,183,4,2949.28,12234.01
608,3,183,183,4,4378.48,12234.01
609,65,183,183,3,1474.71,12234.01
610,8,183,183,3,2316.30,12234.01
611,7,183,183,2,1115.24,12234.01
612,24,184,184,2,724.42,14058.85
613,53,184,184,3,4260.06,14058.85
614,10,184,184,1,771.37,14058.85
615,53,184,184,4,5680.08,14058.85
616,60,184,184,4,2622.92,14058.85
617,36,185,185,2,651.74,16116.26
618,53,185,185,4,5680.08,16116.26
619,38,185,185,4,688.44,16116.26
620,53,185,185,3,4260.06,16116.26
621,42,185,185,3,1715.55,16116.26
622,1,185,185,3,3120.39,16116.26
623,59,186,186,3,274.89,11070.23
624,36,186,186,2,651.74,11070.23
625,8,186,186,5,3860.50,11070.23
626,59,186,186,2,183.26,11070.23
627,34,186,186,4,6099.84,11070.23
628,35,187,187,3,4533.48,11061.19
629,36,187,187,3,977.61,11061.19
630,19,187,187,1,1910.89,11061.19
631,45,187,187,3,3639.21,11061.19
632,53,188,188,2,2840.04,17741.62
633,30,188,188,5,9030.90,17741.62
634,5,188,188,2,3109.70,17741.62
635,40,188,188,2,2374.94,17741.62
636,9,188,188,2,386.04,17741.62
637,20,189,189,4,6355.36,25615.75
638,44,189,189,5,7598.10,25615.75
639,40,189,189,5,5937.35,25615.75
640,13,189,189,2,1082.94,25615.75
641,62,189,189,4,4642.00,25615.75
642,7,190,190,2,1115.24,8944.68
643,63,190,190,4,1251.04,8944.68
644,38,190,190,4,688.44,8944.68
645,34,190,190,2,3049.92,8944.68
646,53,190,190,2,2840.04,8944.68
647,13,191,191,1,541.47,15113.04
648,25,191,191,3,3201.45,15113.04
649,4,191,191,3,5622.24,15113.04
650,64,191,191,4,5747.88,15113.04
651,23,192,192,2,3151.64,10561.13
652,33,192,192,4,5972.52,10561.13
653,64,192,192,1,1436.97,10561.13
654,56,193,193,4,2291.84,10187.23
655,26,193,193,2,3767.40,10187.23
656,45,193,193,1,1213.07,10187.23
657,55,193,193,3,2914.92,10187.23
658,56,194,194,1,572.96,8631.04
659,44,194,194,4,6078.48,8631.04
660,6,194,194,2,1979.60,8631.04
661,3,195,195,5,5473.10,12929.19
662,60,195,195,2,1311.46,12929.19
663,38,195,195,1,172.11,12929.19
664,33,195,195,4,5972.52,12929.19
665,63,196,196,3,938.28,15823.02
666,54,196,196,3,5273.01,15823.02
667,33,196,196,4,5972.52,15823.02
668,45,196,196,3,3639.21,15823.02
669,41,197,197,4,7662.40,28245.07
670,43,197,197,5,9804.90,28245.07
671,3,197,197,5,5473.10,28245.07
672,28,197,197,3,2445.42,28245.07
673,42,197,197,5,2859.25,28245.07
674,50,198,198,4,3424.24,3882.39
675,59,198,198,5,458.15,3882.39
676,55,199,199,4,3886.56,7708.34
677,19,199,199,2,3821.78,7708.34
678,17,200,200,3,2455.62,5393.75
679,47,200,200,1,44.96,5393.75
680,9,200,200,3,579.06,5393.75
681,10,200,200,3,2314.11,5393.75
682,10,201,201,3,2314.11,12128.92
683,38,201,201,1,172.11,12128.92
684,27,201,201,2,3775.76,12128.92
685,36,201,201,2,651.74,12128.92
686,1,201,201,4,4160.52,12128.92
687,46,201,201,2,1054.68,12128.92
688,52,202,202,2,3939.92,7562.93
689,37,202,202,3,3623.01,7562.93
690,61,203,203,1,899.24,2238.44
691,32,203,203,4,1339.20,2238.44
692,24,204,204,4,1448.84,14167.38
693,34,204,204,3,4574.88,14167.38
694,10,204,204,1,771.37,14167.38
695,64,204,204,4,5747.88,14167.38
696,13,204,204,3,1624.41,14167.38
697,28,205,205,2,1630.28,13073.16
698,29,205,205,4,1696.12,13073.16
699,26,205,205,4,7534.80,13073.16
700,15,205,205,3,2211.96,13073.16
701,16,206,206,3,4640.55,9122.38
702,38,206,206,4,688.44,9122.38
703,49,206,206,2,1882.50,9122.38
704,19,206,206,1,1910.89,9122.38
705,9,207,207,4,772.08,11386.60
706,62,207,207,4,4642.00,11386.60
707,33,207,207,4,5972.52,11386.60
708,34,208,208,4,6099.84,15209.36
709,6,208,208,5,4949.00,15209.36
710,1,208,208,4,4160.52,15209.36
711,14,209,209,3,2264.79,8237.31
712,33,209,209,4,5972.52,8237.31
713,56,210,210,1,572.96,572.96
714,42,211,211,3,1715.55,3270.40
715,5,211,211,1,1554.85,3270.40
716,55,212,212,1,971.64,2275.12
717,36,212,212,4,1303.48,2275.12
718,30,213,213,3,5418.54,23327.60
719,40,213,213,4,4749.88,23327.60
720,34,213,213,4,6099.84,23327.60
721,60,213,213,2,1311.46,23327.60
722,64,213,213,4,5747.88,23327.60
723,60,214,214,3,1967.19,16522.61
724,41,214,214,4,7662.40,16522.61
725,52,214,214,3,5909.88,16522.61
726,65,214,214,2,983.14,16522.61
727,29,215,215,3,1272.09,6641.81
728,15,215,215,4,2949.28,6641.81
729,31,215,215,4,2420.44,6641.81
730,61,216,216,5,4496.20,22271.63
731,39,216,216,4,5674.88,22271.63
732,64,216,216,4,5747.88,22271.63
733,16,216,216,3,4640.55,22271.63
734,50,216,216,2,1712.12,22271.63
735,9,217,217,3,579.06,5670.16
736,35,217,217,3,4533.48,5670.16
737,7,217,217,1,557.62,5670.16
738,3,218,218,1,1094.62,2177.56
739,13,218,218,2,1082.94,2177.56
740,48,219,219,1,1644.14,1644.14
741,44,220,220,3,4558.86,19790.58
742,62,220,220,5,5802.50,19790.58
743,57,220,220,3,2639.88,19790.58
744,44,220,220,3,4558.86,19790.58
745,7,220,220,4,2230.48,19790.58
746,23,221,221,2,3151.64,18394.31
747,30,221,221,4,7224.72,18394.31
748,37,221,221,5,6038.35,18394.31
749,6,221,221,2,1979.60,18394.31
750,14,222,222,1,754.93,14703.48
751,51,222,222,1,263.79,14703.48
752,36,222,222,5,1629.35,14703.48
753,48,222,222,3,4932.42,14703.48
754,14,222,222,3,2264.79,14703.48
755,55,222,222,5,4858.20,14703.48
756,11,223,223,5,1793.15,2334.62
757,13,223,223,1,541.47,2334.62
758,48,224,224,1,1644.14,1644.14
759,13,225,225,3,1624.41,5221.37
760,61,225,225,4,3596.96,5221.37
761,30,226,226,2,3612.36,11979.02
762,19,226,226,2,3821.78,11979.02
763,59,226,226,4,366.52,11979.02
764,18,226,226,4,4178.36,11979.02
765,8,227,227,4,3088.40,3751.82
766,12,227,227,3,663.42,3751.82
767,31,228,228,2,1210.22,1210.22
768,60,229,229,2,1311.46,14993.04
769,64,229,229,3,4310.91,14993.04
770,65,229,229,3,1474.71,14993.04
771,48,229,229,3,4932.42,14993.04
772,21,229,229,2,2963.54,14993.04
773,32,230,230,3,1004.40,12530.29
774,50,230,230,1,856.06,12530.29
775,16,230,230,3,4640.55,12530.29
776,2,230,230,4,6029.28,12530.29
777,18,231,231,4,4178.36,6499.36
778,62,231,231,2,2321.00,6499.36
779,56,232,232,5,2864.80,2864.80
780,53,233,233,4,5680.08,18221.72
781,56,233,233,5,2864.80,18221.72
782,38,233,233,1,172.11,18221.72
783,25,233,233,3,3201.45,18221.72
784,23,233,233,4,6303.28,18221.72
785,5,234,234,4,6219.40,7430.76
786,22,234,234,4,541.76,7430.76
787,32,234,234,2,669.60,7430.76
788,63,235,235,1,312.76,312.76
789,1,236,236,1,1040.13,4328.41
790,48,236,236,2,3288.28,4328.41
791,16,237,237,1,1546.85,10078.44
792,64,237,237,2,2873.94,10078.44
793,49,237,237,4,3765.00,10078.44
794,29,237,237,2,848.06,10078.44
795,18,237,237,1,1044.59,10078.44
796,3,238,238,1,1094.62,13050.36
797,5,238,238,4,6219.40,13050.36
798,9,238,238,1,193.02,13050.36
799,50,238,238,2,1712.12,13050.36
800,41,238,238,2,3831.20,13050.36
801,38,239,239,1,172.11,2488.41
802,8,239,239,3,2316.30,2488.41
803,37,240,240,4,4830.68,8966.07
804,8,240,240,5,3860.50,8966.07
805,59,240,240,3,274.89,8966.07
806,19,241,241,3,5732.67,11141.32
807,60,241,241,3,1967.19,11141.32
808,17,241,241,1,818.54,11141.32
809,60,241,241,4,2622.92,11141.32
810,33,242,242,4,5972.52,16425.87
811,16,242,242,3,4640.55,16425.87
812,25,242,242,4,4268.60,16425.87
813,8,242,242,2,1544.20,16425.87
814,65,243,243,2,983.14,9668.20
815,4,243,243,2,3748.16,9668.20
816,12,243,243,4,884.56,9668.20
817,6,243,243,3,2969.40,9668.20
818,13,243,243,2,1082.94,9668.20
819,44,244,244,2,3039.24,3039.24
820,3,245,245,4,4378.48,25564.61
821,30,245,245,3,5418.54,25564.61
822,59,245,245,1,91.63,25564.61
823,17,245,245,3,2455.62,25564.61
824,44,245,245,5,7598.10,25564.61
825,4,245,245,3,5622.24,25564.61
826,60,246,246,5,3278.65,10824.69
827,9,246,246,4,772.08,10824.69
828,37,246,246,4,4830.68,10824.69
829,55,246,246,2,1943.28,10824.69
830,50,247,247,4,3424.24,11723.88
831,32,247,247,3,1004.40,11723.88
832,26,247,247,3,5651.10,11723.88
833,48,247,247,1,1644.14,11723.88
834,31,248,248,2,1210.22,1210.22
835,10,249,249,1,771.37,13938.18
836,19,249,249,5,9554.45,13938.18
837,30,249,249,2,3612.36,13938.18
838,59,250,250,5,458.15,13702.53
839,39,250,250,2,2837.44,13702.53
840,48,250,250,4,6576.56,13702.53
841,58,250,250,2,132.28,13702.53
842,25,250,250,2,2134.30,13702.53
843,63,250,250,5,1563.80,13702.53
844,59,251,251,2,183.26,183.26
845,50,252,252,3,2568.18,8017.89
846,32,252,252,1,334.80,8017.89
847,21,252,252,3,4445.31,8017.89
848,32,252,252,2,669.60,8017.89
849,50,253,253,2,1712.12,1712.12
850,56,254,254,4,2291.84,3916.25
851,13,254,254,3,1624.41,3916.25
852,8,255,255,2,1544.20,15337.88
853,23,255,255,2,3151.64,15337.88
854,52,255,255,4,7879.84,15337.88
855,35,255,255,1,1511.16,15337.88
856,63,255,255,4,1251.04,15337.88
857,44,256,256,2,3039.24,12564.30
858,63,256,256,4,1251.04,12564.30
859,26,256,256,3,5651.10,12564.30
860,60,256,256,4,2622.92,12564.30
861,43,257,257,5,9804.90,11654.20
862,59,257,257,1,91.63,11654.20
863,54,257,257,1,1757.67,11654.20
864,56,258,258,1,572.96,3693.35
865,1,258,258,3,3120.39,3693.35
866,47,259,259,3,134.88,10866.84
867,8,259,259,4,3088.40,10866.84
868,19,259,259,4,7643.56,10866.84
869,37,260,260,3,3623.01,6586.55
870,21,260,260,2,2963.54,6586.55
871,29,261,261,3,1272.09,8302.77
872,54,261,261,4,7030.68,8302.77
873,15,262,262,3,2211.96,6921.85
874,10,262,262,4,3085.48,6921.85
875,13,262,262,3,1624.41,6921.85
876,63,263,263,3,938.28,6589.38
877,26,263,263,3,5651.10,6589.38
878,63,264,264,3,938.28,14847.40
879,52,264,264,4,7879.84,14847.40
880,2,264,264,4,6029.28,14847.40
881,51,265,265,2,527.58,1426.82
882,61,265,265,1,899.24,1426.82
883,35,266,266,4,6044.64,21839.60
884,43,266,266,4,7843.92,21839.60
885,42,266,266,4,2287.40,21839.60
886,27,266,266,3,5663.64,21839.60
887,63,267,267,5,1563.80,1563.80
888,52,268,268,3,5909.88,12971.84
889,47,268,268,5,224.80,12971.84
890,34,268,268,4,6099.84,12971.84
891,15,268,268,1,737.32,12971.84
892,63,269,269,2,625.52,14649.31
893,64,269,269,3,4310.91,14649.31
894,41,269,269,5,9578.00,14649.31
895,47,269,269,3,134.88,14649.31
896,19,270,270,3,5732.67,16377.39
897,38,270,270,4,688.44,16377.39
898,41,270,270,1,1915.60,16377.39
899,17,270,270,4,3274.16,16377.39
900,20,270,270,3,4766.52,16377.39
901,13,271,271,3,1624.41,5873.23
902,62,271,271,2,2321.00,5873.23
903,29,271,271,3,1272.09,5873.23
904,60,271,271,1,655.73,5873.23
905,8,272,272,2,1544.20,11902.75
906,49,272,272,3,2823.75,11902.75
907,26,272,272,4,7534.80,11902.75
908,20,273,273,4,6355.36,28166.78
909,43,273,273,4,7843.92,28166.78
910,48,273,273,5,8220.70,28166.78
911,41,273,273,3,5746.80,28166.78
912,44,274,274,4,6078.48,11631.90
913,30,274,274,3,5418.54,11631.90
914,47,274,274,3,134.88,11631.90
915,5,275,275,3,4664.55,4664.55
916,23,276,276,1,1575.82,14682.54
917,60,276,276,4,2622.92,14682.54
918,49,276,276,4,3765.00,14682.54
919,51,276,276,4,1055.16,14682.54
920,27,276,276,3,5663.64,14682.54
921,41,277,277,4,7662.40,7662.40
922,49,278,278,5,4706.25,13853.65
923,43,278,278,4,7843.92,13853.65
924,36,278,278,4,1303.48,13853.65
925,34,279,279,4,6099.84,6099.84
926,36,280,280,4,1303.48,10169.92
927,18,280,280,3,3133.77,10169.92
928,19,280,280,3,5732.67,10169.92
929,21,281,281,2,2963.54,14789.33
930,35,281,281,5,7555.80,14789.33
931,59,281,281,1,91.63,14789.33
932,18,281,281,4,4178.36,14789.33
933,14,282,282,1,754.93,13180.16
934,42,282,282,1,571.85,13180.16
935,44,282,282,1,1519.62,13180.16
936,39,282,282,2,2837.44,13180.16
937,4,282,282,4,7496.32,13180.16
938,15,283,283,2,1474.64,12623.35
939,42,283,283,3,1715.55,12623.35
940,8,283,283,4,3088.40,12623.35
941,65,283,283,4,1966.28,12623.35
942,3,283,283,4,4378.48,12623.35
943,7,284,284,2,1115.24,6462.26
944,49,284,284,4,3765.00,6462.26
945,46,284,284,3,1582.02,6462.26
946,12,285,285,2,442.28,442.28
947,2,286,286,3,4521.96,9228.21
948,49,286,286,5,4706.25,9228.21
949,13,287,287,5,2707.35,5028.35
950,62,287,287,2,2321.00,5028.35
951,60,288,288,2,1311.46,1586.35
952,59,288,288,3,274.89,1586.35
953,15,289,289,2,1474.64,9953.50
954,14,289,289,5,3774.65,9953.50
955,2,289,289,1,1507.32,9953.50
956,64,289,289,1,1436.97,9953.50
957,57,289,289,2,1759.92,9953.50
958,3,290,290,4,4378.48,4820.76
959,12,290,290,2,442.28,4820.76
960,28,291,291,5,4075.70,12995.87
961,5,291,291,5,7774.25,12995.87
962,56,291,291,2,1145.92,12995.87
963,60,292,292,1,655.73,6905.77
964,64,292,292,2,2873.94,6905.77
965,31,292,292,2,1210.22,6905.77
966,13,292,292,4,2165.88,6905.77
967,11,293,293,2,717.26,10366.94
968,50,293,293,5,4280.30,10366.94
969,56,293,293,3,1718.88,10366.94
970,7,293,293,4,2230.48,10366.94
971,53,293,293,1,1420.02,10366.94
972,44,294,294,5,7598.10,13525.18
973,21,294,294,4,5927.08,13525.18
974,20,295,295,5,7944.20,7944.20
975,8,296,296,2,1544.20,3263.08
976,56,296,296,3,1718.88,3263.08
977,21,297,297,4,5927.08,6916.88
978,6,297,297,1,989.80,6916.88
979,31,298,298,1,605.11,8941.45
980,58,298,298,3,198.42,8941.45
981,49,298,298,5,4706.25,8941.45
982,54,298,298,1,1757.67,8941.45
983,32,298,298,5,1674.00,8941.45
984,33,299,299,2,2986.26,21465.43
985,19,299,299,3,5732.67,21465.43
986,62,299,299,4,4642.00,21465.43
987,32,299,299,3,1004.40,21465.43
988,53,299,299,5,7100.10,21465.43
989,60,300,300,2,1311.46,1311.46
990,56,301,301,4,2291.84,9634.19
991,29,301,301,2,848.06,9634.19
992,59,301,301,3,274.89,9634.19
993,5,301,301,4,6219.40,9634.19
994,4,302,302,3,5622.24,20914.53
995,18,302,302,4,4178.36,20914.53
996,40,302,302,3,3562.41,20914.53
997,27,302,302,4,7551.52,20914.53
998,22,303,303,2,270.88,16588.93
999,40,303,303,5,5937.35,16588.93
1000,58,303,303,1,66.14,16588.93
1001,20,303,303,4,6355.36,16588.93
1002,6,303,303,4,3959.20,16588.93
1003,64,304,304,4,5747.88,17988.00
1004,62,304,304,4,4642.00,17988.00
1005,49,304,304,2,1882.50,17988.00
1006,19,304,304,1,1910.89,17988.00
1007,42,304,304,3,1715.55,17988.00
1008,18,304,304,2,2089.18,17988.00
1009,56,305,305,2,1145.92,1145.92
1010,49,306,306,4,3765.00,5647.50
1011,49,306,306,2,1882.50,5647.50
1012,33,307,307,5,7465.65,8470.05
1013,32,307,307,3,1004.40,8470.05
1014,3,308,308,5,5473.10,7102.45
1015,36,308,308,5,1629.35,7102.45
1016,44,309,309,5,7598.10,15916.43
1017,26,309,309,1,1883.70,15916.43
1018,34,309,309,2,3049.92,15916.43
1019,25,309,309,3,3201.45,15916.43
1020,59,309,309,2,183.26,15916.43
1021,9,310,310,1,193.02,2382.26
1022,3,310,310,2,2189.24,2382.26
1023,56,311,311,2,1145.92,21197.92
1024,35,311,311,4,6044.64,21197.92
1025,18,311,311,2,2089.18,21197.92
1026,61,311,311,2,1798.48,21197.92
1027,50,311,311,3,2568.18,21197.92
1028,27,311,311,4,7551.52,21197.92
1029,33,312,312,3,4479.39,10101.63
1030,4,312,312,3,5622.24,10101.63
1031,63,313,313,2,625.52,9403.86
1032,23,313,313,5,7879.10,9403.86
1033,61,313,313,1,899.24,9403.86
1034,60,314,314,5,3278.65,3278.65
1035,57,315,315,5,4399.80,4399.80
1036,25,316,316,2,2134.30,2134.30
1037,23,317,317,4,6303.28,11037.46
1038,7,317,317,1,557.62,11037.46
1039,52,317,317,1,1969.96,11037.46
1040,9,317,317,4,772.08,11037.46
1041,11,317,317,4,1434.52,11037.46
1042,7,318,318,2,1115.24,16374.46
1043,7,318,318,4,2230.48,16374.46
1044,21,318,318,4,5927.08,16374.46
1045,50,318,318,3,2568.18,16374.46
1046,35,318,318,3,4533.48,16374.46
1047,56,319,319,1,572.96,8124.48
1048,27,319,319,4,7551.52,8124.48
1049,21,320,320,2,2963.54,16834.03
1050,47,320,320,4,179.84,16834.03
1051,40,320,320,1,1187.47,16834.03
1052,19,320,320,4,7643.56,16834.03
1053,3,320,320,1,1094.62,16834.03
1054,49,320,320,4,3765.00,16834.03
1055,56,321,321,4,2291.84,7112.19
1056,27,321,321,2,3775.76,7112.19
1057,18,321,321,1,1044.59,7112.19
1058,40,322,322,2,2374.94,34791.79
1059,4,322,322,5,9370.40,34791.79
1060,34,322,322,4,6099.84,34791.79
1061,26,322,322,4,7534.80,34791.79
1062,48,322,322,3,4932.42,34791.79
1063,33,322,322,3,4479.39,34791.79
1064,24,323,323,5,1811.05,13554.70
1065,60,323,323,4,2622.92,13554.70
1066,4,323,323,4,7496.32,13554.70
1067,13,323,323,3,1624.41,13554.70
1068,36,324,324,4,1303.48,21416.96
1069,54,324,324,5,8788.35,21416.96
1070,28,324,324,4,3260.56,21416.96
1071,45,324,324,3,3639.21,21416.96
1072,22,324,324,5,677.20,21416.96
1073,4,324,324,2,3748.16,21416.96
1074,8,325,325,5,3860.50,12511.28
1075,20,325,325,2,3177.68,12511.28
1076,3,325,325,5,5473.10,12511.28
1077,2,326,326,4,6029.28,6164.16
1078,47,326,326,3,134.88,6164.16
1079,64,327,327,4,5747.88,16038.03
1080,18,327,327,2,2089.18,16038.03
1081,13,327,327,3,1624.41,16038.03
1082,48,327,327,4,6576.56,16038.03
1083,62,328,328,4,4642.00,5490.06
1084,29,328,328,2,848.06,5490.06
1085,54,329,329,2,3515.34,8411.90
1086,56,329,329,3,1718.88,8411.90
1087,20,329,329,2,3177.68,8411.90
1088,63,330,330,4,1251.04,5877.62
1089,47,330,330,2,89.92,5877.62
1090,51,330,330,4,1055.16,5877.62
1091,62,330,330,3,3481.50,5877.62
1092,3,331,331,3,3283.86,9193.74
1093,52,331,331,3,5909.88,9193.74
1094,5,332,332,1,1554.85,13520.11
1095,50,332,332,3,2568.18,13520.11
1096,41,332,332,4,7662.40,13520.11
1097,36,332,332,2,651.74,13520.11
1098,13,332,332,2,1082.94,13520.11
1099,30,333,333,3,5418.54,13229.46
1100,63,333,333,2,625.52,13229.46
1101,28,333,333,5,4075.70,13229.46
1102,5,333,333,2,3109.70,13229.46
1103,49,334,334,2,1882.50,8976.10
1104,39,334,334,5,7093.60,8976.10
1105,16,335,335,3,4640.55,14205.84
1106,44,335,335,5,7598.10,14205.84
1107,60,335,335,3,1967.19,14205.84
1108,1,336,336,3,3120.39,16888.30
1109,53,336,336,4,5680.08,16888.30
1110,64,336,336,4,5747.88,16888.30
1111,61,336,336,2,1798.48,16888.30
1112,13,336,336,1,541.47,16888.30
1113,7,337,337,5,2788.10,10452.02
1114,45,337,337,3,3639.21,10452.02
1115,14,337,337,3,2264.79,10452.02
1116,57,337,337,2,1759.92,10452.02
1117,26,338,338,3,5651.10,28904.82
1118,27,338,338,5,9439.40,28904.82
1119,37,338,338,4,4830.68,28904.82
1120,26,338,338,4,7534.80,28904.82
1121,24,338,338,4,1448.84,28904.82
1122,8,339,339,3,2316.30,2316.30
1123,53,340,340,1,1420.02,6657.02
1124,22,340,340,3,406.32,6657.02
1125,37,340,340,4,4830.68,6657.02
1126,9,341,341,5,965.10,8589.90
1127,34,341,341,5,7624.80,8589.90
1128,46,342,342,3,1582.02,13323.36
1129,5,342,342,4,6219.40,13323.36
1130,46,342,342,3,1582.02,13323.36
1131,52,342,342,2,3939.92,13323.36
1132,45,343,343,3,3639.21,17299.94
1133,60,343,343,2,1311.46,17299.94
1134,43,343,343,3,5882.94,17299.94
1135,6,343,343,4,3959.20,17299.94
1136,9,343,343,1,193.02,17299.94
1137,10,343,343,3,2314.11,17299.94
1138,63,344,344,4,1251.04,12348.66
1139,41,344,344,5,9578.00,12348.66
1140,44,344,344,1,1519.62,12348.66
1141,52,345,345,4,7879.84,21166.19
1142,38,345,345,3,516.33,21166.19
1143,56,345,345,4,2291.84,21166.19
1144,37,345,345,4,4830.68,21166.19
1145,49,345,345,4,3765.00,21166.19
1146,49,345,345,2,1882.50,21166.19
1147,53,346,346,1,1420.02,19701.86
1148,41,346,346,2,3831.20,19701.86
1149,15,346,346,4,2949.28,19701.86
1150,60,346,346,3,1967.19,19701.86
1151,57,346,346,2,1759.92,19701.86
1152,5,346,346,5,7774.25,19701.86
1153,47,347,347,4,179.84,179.84
1154,55,348,348,2,1943.28,11472.45
1155,39,348,348,3,4256.16,11472.45
1156,54,348,348,3,5273.01,11472.45
1157,51,349,349,2,527.58,4042.92
1158,54,349,349,2,3515.34,4042.92
1159,12,350,350,2,442.28,442.28
1160,14,351,351,3,2264.79,2264.79
1161,31,352,352,2,1210.22,1210.22
1162,51,353,353,4,1055.16,11413.62
1163,30,353,353,2,3612.36,11413.62
1164,13,353,353,4,2165.88,11413.62
1165,49,353,353,2,1882.50,11413.62
1166,61,353,353,3,2697.72,11413.62
1167,39,354,354,2,2837.44,15730.76
1168,15,354,354,3,2211.96,15730.76
1169,43,354,354,4,7843.92,15730.76
1170,39,354,354,2,2837.44,15730.76
1171,54,355,355,3,5273.01,9491.46
1172,32,355,355,3,1004.40,9491.46
1173,61,355,355,3,2697.72,9491.46
1174,38,355,355,3,516.33,9491.46
1175,16,356,356,5,7734.25,7734.25
1176,35,357,357,1,1511.16,12746.86
1177,48,357,357,3,4932.42,12746.86
1178,23,357,357,4,6303.28,12746.86
1179,20,358,358,4,6355.36,6355.36
1180,40,359,359,4,4749.88,8616.94
1181,9,359,359,5,965.10,8616.94
1182,24,359,359,3,1086.63,8616.94
1183,31,359,359,3,1815.33,8616.94
1184,59,360,360,2,183.26,24115.03
1185,37,360,360,5,6038.35,24115.03
1186,35,360,360,2,3022.32,24115.03
1187,3,360,360,2,2189.24,24115.03
1188,54,360,360,3,5273.01,24115.03
1189,21,360,360,5,7408.85,24115.03
1190,47,361,361,5,224.80,7569.95
1191,42,361,361,5,2859.25,7569.95
1192,62,361,361,3,3481.50,7569.95
1193,32,361,361,3,1004.40,7569.95
1194,41,362,362,3,5746.80,13040.72
1195,28,362,362,2,1630.28,13040.72
1196,27,362,362,3,5663.64,13040.72
1197,3,363,363,2,2189.24,15236.75
1198,57,363,363,2,1759.92,15236.75
1199,14,363,363,3,2264.79,15236.75
1200,42,363,363,2,1143.70,15236.75
1201,23,363,363,5,7879.10,15236.75
1202,57,364,364,2,1759.92,1759.92
1203,14,365,365,4,3019.72,5054.38
1204,2,365,365,1,1507.32,5054.38
1205,46,365,365,1,527.34,5054.38
1206,28,366,366,2,1630.28,2157.86
1207,51,366,366,2,527.58,2157.86
1208,53,367,367,4,5680.08,7187.40
1209,2,367,367,1,1507.32,7187.40
1210,28,368,368,3,2445.42,10111.32
1211,50,368,368,5,4280.30,10111.32
1212,19,368,368,1,1910.89,10111.32
1213,65,368,368,3,1474.71,10111.32
1214,39,369,369,2,2837.44,18088.23
1215,6,369,369,4,3959.20,18088.23
1216,37,369,369,3,3623.01,18088.23
1217,34,369,369,3,4574.88,18088.23
1218,16,369,369,2,3093.70,18088.23
1219,8,370,370,3,2316.30,9777.26
1220,14,370,370,1,754.93,9777.26
1221,28,370,370,2,1630.28,9777.26
1222,40,370,370,4,4749.88,9777.26
1223,36,370,370,1,325.87,9777.26
1224,18,371,371,3,3133.77,5118.49
1225,57,371,371,2,1759.92,5118.49
1226,47,371,371,5,224.80,5118.49
1227,50,372,372,3,2568.18,17397.62
1228,57,372,372,1,879.96,17397.62
1229,52,372,372,4,7879.84,17397.62
1230,34,372,372,2,3049.92,17397.62
1231,14,372,372,4,3019.72,17397.62
1232,25,373,373,5,5335.75,6150.89
1233,28,373,373,1,815.14,6150.89
1234,44,374,374,4,6078.48,12995.36
1235,6,374,374,1,989.80,12995.36
1236,21,374,374,4,5927.08,12995.36
1237,25,375,375,4,4268.60,6236.66
1238,9,375,375,2,386.04,6236.66
1239,46,375,375,3,1582.02,6236.66
1240,30,376,376,5,9030.90,14671.98
1241,3,376,376,2,2189.24,14671.98
1242,28,376,376,1,815.14,14671.98
1243,46,376,376,5,2636.70,14671.98
1244,35,377,377,4,6044.64,11397.48
1245,39,377,377,3,4256.16,11397.48
1246,65,377,377,1,491.57,11397.48
1247,31,377,377,1,605.11,11397.48
1248,62,378,378,5,5802.50,14627.19
1249,22,378,378,4,541.76,14627.19
1250,5,378,378,3,4664.55,14627.19
1251,17,378,378,4,3274.16,14627.19
1252,38,378,378,2,344.22,14627.19
1253,2,379,379,3,4521.96,25525.76
1254,39,379,379,5,7093.60,25525.76
1255,9,379,379,1,193.02,25525.76
1256,34,379,379,3,4574.88,25525.76
1257,8,379,379,2,1544.20,25525.76
1258,44,379,379,5,7598.10,25525.76
1259,39,380,380,3,4256.16,17502.59
1260,5,380,380,1,1554.85,17502.59
1261,18,380,380,4,4178.36,17502.59
1262,51,380,380,3,791.37,17502.59
1263,54,380,380,3,5273.01,17502.59
1264,24,380,380,4,1448.84,17502.59
1265,12,381,381,5,1105.70,11748.62
1266,37,381,381,3,3623.01,11748.62
1267,60,381,381,1,655.73,11748.62
1268,32,381,381,2,669.60,11748.62
1269,11,381,381,4,1434.52,11748.62
1270,53,381,381,3,4260.06,11748.62
1271,61,382,382,4,3596.96,7329.36
1272,61,382,382,4,3596.96,7329.36
1273,22,382,382,1,135.44,7329.36
1274,40,383,383,1,1187.47,5861.86
1275,6,383,383,2,1979.60,5861.86
1276,2,383,383,1,1507.32,5861.86
1277,40,383,383,1,1187.47,5861.86
1278,34,384,384,2,3049.92,21104.14
1279,16,384,384,5,7734.25,21104.14
1280,50,384,384,4,3424.24,21104.14
1281,5,384,384,3,4664.55,21104.14
1282,10,384,384,2,1542.74,21104.14
1283,38,384,384,4,688.44,21104.14
1284,49,385,385,1,941.25,3130.49
1285,3,385,385,2,2189.24,3130.49
1286,16,386,386,4,6187.40,18334.82
1287,13,386,386,4,2165.88,18334.82
1288,7,386,386,3,1672.86,18334.82
1289,9,386,386,4,772.08,18334.82
1290,2,386,386,5,7536.60,18334.82
1291,5,387,387,4,6219.40,11362.54
1292,28,387,387,3,2445.42,11362.54
1293,61,387,387,3,2697.72,11362.54
1294,42,388,388,3,1715.55,11635.10
1295,4,388,388,2,3748.16,11635.10
1296,42,388,388,3,1715.55,11635.10
1297,26,388,388,2,3767.40,11635.10
1298,38,388,388,4,688.44,11635.10
1299,32,389,389,2,669.60,3689.32
1300,14,389,389,4,3019.72,3689.32
1301,35,390,390,4,6044.64,20805.63
1302,49,390,390,3,2823.75,20805.63
1303,43,390,390,2,3921.96,20805.63
1304,22,390,390,1,135.44,20805.63
1305,52,390,390,4,7879.84,20805.63
1306,34,391,391,2,3049.92,3934.48
1307,12,391,391,4,884.56,3934.48
1308,4,392,392,4,7496.32,7496.32
1309,51,393,393,2,527.58,6594.64
1310,62,393,393,5,5802.50,6594.64
1311,58,393,393,4,264.56,6594.64
1312,45,394,394,3,3639.21,12025.62
1313,13,394,394,2,1082.94,12025.62
1314,11,394,394,3,1075.89,12025.62
1315,47,394,394,3,134.88,12025.62
1316,6,394,394,5,4949.00,12025.62
1317,42,394,394,2,1143.70,12025.62
1318,55,395,395,3,2914.92,21798.41
1319,54,395,395,3,5273.01,21798.41
1320,24,395,395,3,1086.63,21798.41
1321,19,395,395,5,9554.45,21798.41
1322,6,395,395,3,2969.40,21798.41
1323,58,396,396,3,198.42,4029.62
1324,41,396,396,2,3831.20,4029.62
1325,18,397,397,4,4178.36,15380.95
1326,28,397,397,3,2445.42,15380.95
1327,12,397,397,4,884.56,15380.95
1328,35,397,397,2,3022.32,15380.95
1329,44,397,397,2,3039.24,15380.95
1330,24,397,397,5,1811.05,15380.95
1331,46,398,398,5,2636.70,11449.53
1332,34,398,398,4,6099.84,11449.53
1333,7,398,398,3,1672.86,11449.53
1334,1,398,398,1,1040.13,11449.53
1335,63,399,399,4,1251.04,1251.04
1336,53,400,400,4,5680.08,13547.88
1337,25,400,400,1,1067.15,13547.88
1338,2,400,400,4,6029.28,13547.88
1339,10,400,400,1,771.37,13547.88
1340,55,401,401,3,2914.92,2914.92
1341,18,402,402,3,3133.77,11073.76
1342,8,402,402,3,2316.30,11073.76
1343,65,402,402,2,983.14,11073.76
1344,16,402,402,3,4640.55,11073.76
1345,45,403,403,1,1213.07,4414.52
1346,25,403,403,3,3201.45,4414.52
1347,18,404,404,4,4178.36,18090.92
1348,54,404,404,2,3515.34,18090.92
1349,19,404,404,3,5732.67,18090.92
1350,5,404,404,3,4664.55,18090.92
1351,51,405,405,2,527.58,5551.82
1352,8,405,405,4,3088.40,5551.82
1353,51,405,405,2,527.58,5551.82
1354,58,405,405,4,264.56,5551.82
1355,42,405,405,2,1143.70,5551.82
1356,61,406,406,1,899.24,5696.09
1357,59,406,406,3,274.89,5696.09
1358,2,406,406,3,4521.96,5696.09
1359,22,407,407,5,677.20,2744.59
1360,65,407,407,1,491.57,2744.59
1361,23,407,407,1,1575.82,2744.59
1362,43,408,408,2,3921.96,5901.56
1363,6,408,408,2,1979.60,5901.56
1364,60,409,409,2,1311.46,22890.78
1365,52,409,409,3,5909.88,22890.78
1366,43,409,409,4,7843.92,22890.78
1367,61,409,409,2,1798.48,22890.78
1368,48,409,409,3,4932.42,22890.78
1369,3,409,409,1,1094.62,22890.78
1370,21,410,410,3,4445.31,12868.71
1371,61,410,410,2,1798.48,12868.71
1372,31,410,410,4,2420.44,12868.71
1373,52,410,410,2,3939.92,12868.71
1374,58,410,410,4,264.56,12868.71
1375,24,411,411,2,724.42,8930.68
1376,53,411,411,2,2840.04,8930.68
1377,8,411,411,3,2316.30,8930.68
1378,34,411,411,2,3049.92,8930.68
1379,8,412,412,5,3860.50,15570.10
1380,43,412,412,4,7843.92,15570.10
1381,27,412,412,2,3775.76,15570.10
1382,47,412,412,2,89.92,15570.10
1383,42,413,413,2,1143.70,13366.65
1384,19,413,413,3,5732.67,13366.65
1385,22,413,413,2,270.88,13366.65
1386,5,413,413,4,6219.40,13366.65
1387,53,414,414,1,1420.02,5459.45
1388,21,414,414,2,2963.54,5459.45
1389,11,414,414,3,1075.89,5459.45
1390,31,415,415,3,1815.33,1815.33
1391,51,416,416,3,791.37,1639.43
1392,29,416,416,2,848.06,1639.43
1393,8,417,417,4,3088.40,6945.25
1394,10,417,417,5,3856.85,6945.25
1395,9,418,418,4,772.08,2587.41
1396,31,418,418,3,1815.33,2587.41
1397,41,419,419,3,5746.80,11040.95
1398,64,419,419,3,4310.91,11040.95
1399,63,419,419,3,938.28,11040.95
1400,47,419,419,1,44.96,11040.95
1401,65,420,420,3,1474.71,13301.19
1402,4,420,420,3,5622.24,13301.19
1403,30,420,420,2,3612.36,13301.19
1404,62,420,420,2,2321.00,13301.19
1405,22,420,420,2,270.88,13301.19
1406,64,421,421,4,5747.88,26903.59
1407,27,421,421,5,9439.40,26903.59
1408,20,421,421,5,7944.20,26903.59
1409,2,421,421,1,1507.32,26903.59
1410,14,421,421,3,2264.79,26903.59
1411,38,422,422,3,516.33,4986.65
1412,28,422,422,2,1630.28,4986.65
1413,53,422,422,2,2840.04,4986.65
1414,41,423,423,2,3831.20,8340.44
1415,25,423,423,2,2134.30,8340.44
1416,40,423,423,2,2374.94,8340.44
1417,28,424,424,1,815.14,12054.95
1418,30,424,424,2,3612.36,12054.95
1419,20,424,424,4,6355.36,12054.95
1420,29,424,424,3,1272.09,12054.95
1421,3,425,425,5,5473.10,8041.28
1422,50,425,425,3,2568.18,8041.28
1423,30,426,426,2,3612.36,3810.78
1424,58,426,426,3,198.42,3810.78
1425,61,427,427,2,1798.48,11523.11
1426,51,427,427,4,1055.16,11523.11
1427,10,427,427,3,2314.11,11523.11
1428,20,427,427,4,6355.36,11523.11
1429,31,428,428,3,1815.33,4854.57
1430,44,428,428,2,3039.24,4854.57
1431,10,429,429,4,3085.48,3085.48
1432,26,430,430,3,5651.10,16989.23
1433,20,430,430,5,7944.20,16989.23
1434,9,430,430,2,386.04,16989.23
1435,29,430,430,2,848.06,16989.23
1436,7,430,430,2,1115.24,16989.23
1437,18,430,430,1,1044.59,16989.23
1438,43,431,431,2,3921.96,18466.76
1439,10,431,431,5,3856.85,18466.76
1440,41,431,431,4,7662.40,18466.76
1441,31,431,431,5,3025.55,18466.76
1442,46,432,432,3,1582.02,2251.62
1443,32,432,432,2,669.60,2251.62
1444,45,433,433,4,4852.28,19459.00
1445,5,433,433,2,3109.70,19459.00
1446,30,433,433,3,5418.54,19459.00
1447,44,433,433,4,6078.48,19459.00
1448,52,434,434,3,5909.88,17571.86
1449,60,434,434,2,1311.46,17571.86
1450,4,434,434,4,7496.32,17571.86
1451,60,434,434,2,1311.46,17571.86
1452,10,434,434,2,1542.74,17571.86
1453,63,435,435,5,1563.80,3557.06
1454,61,435,435,1,899.24,3557.06
1455,36,435,435,2,651.74,3557.06
1456,12,435,435,2,442.28,3557.06
1457,58,436,436,5,330.70,3927.66
1458,61,436,436,4,3596.96,3927.66
1459,15,437,437,3,2211.96,7448.36
1460,42,437,437,1,571.85,7448.36
1461,5,437,437,3,4664.55,7448.36
1462,64,438,438,3,4310.91,16447.67
1463,37,438,438,4,4830.68,16447.67
1464,39,438,438,3,4256.16,16447.67
1465,34,438,438,2,3049.92,16447.67
1466,16,439,439,3,4640.55,17602.79
1467,55,439,439,2,1943.28,17602.79
1468,6,439,439,5,4949.00,17602.79
1469,27,439,439,3,5663.64,17602.79
1470,22,439,439,3,406.32,17602.79
1471,40,440,440,3,3562.41,17455.74
1472,56,440,440,3,1718.88,17455.74
1473,36,440,440,5,1629.35,17455.74
1474,12,440,440,5,1105.70,17455.74
1475,27,440,440,5,9439.40,17455.74
1476,23,441,441,2,3151.64,6916.64
1477,49,441,441,4,3765.00,6916.64
1478,42,442,442,2,1143.70,15067.33
1479,6,442,442,3,2969.40,15067.33
1480,54,442,442,5,8788.35,15067.33
1481,13,442,442,4,2165.88,15067.33
1482,53,443,443,5,7100.10,20725.44
1483,24,443,443,3,1086.63,20725.44
1484,27,443,443,3,5663.64,20725.44
1485,51,443,443,3,791.37,20725.44
1486,26,443,443,2,3767.40,20725.44
1487,8,443,443,3,2316.30,20725.44
1488,35,444,444,4,6044.64,14645.84
1489,62,444,444,4,4642.00,14645.84
1490,6,444,444,4,3959.20,14645.84
1491,31,445,445,4,2420.44,4050.72
1492,28,445,445,2,1630.28,4050.72
1493,50,446,446,2,1712.12,8288.68
1494,48,446,446,4,6576.56,8288.68
1495,64,447,447,3,4310.91,10043.58
1496,19,447,447,3,5732.67,10043.58
1497,18,448,448,1,1044.59,11142.71
1498,45,448,448,4,4852.28,11142.71
1499,60,448,448,5,3278.65,11142.71
1500,60,448,448,3,1967.19,11142.71
1501,1,449,449,1,1040.13,9379.77
1502,32,449,449,1,334.80,9379.77
1503,42,449,449,4,2287.40,9379.77
1504,25,449,449,4,4268.60,9379.77
1505,24,449,449,4,1448.84,9379.77
1506,57,450,450,2,1759.92,9403.48
1507,19,450,450,4,7643.56,9403.48
1508,37,451,451,3,3623.01,13268.65
1509,63,451,451,2,625.52,13268.65
1510,57,451,451,4,3519.84,13268.65
1511,32,451,451,2,669.60,13268.65
1512,37,451,451,4,4830.68,13268.65
1513,18,452,452,3,3133.77,16256.55
1514,9,452,452,4,772.08,16256.55
1515,62,452,452,3,3481.50,16256.55
1516,43,452,452,3,5882.94,16256.55
1517,33,452,452,2,2986.26,16256.55
1518,8,453,453,1,772.10,2409.18
1519,17,453,453,2,1637.08,2409.18
1520,18,454,454,4,4178.36,8307.46
1521,30,454,454,1,1806.18,8307.46
1522,47,454,454,3,134.88,8307.46
1523,12,454,454,4,884.56,8307.46
1524,36,454,454,4,1303.48,8307.46
1525,49,455,455,2,1882.50,12504.66
1526,6,455,455,1,989.80,12504.66
1527,52,455,455,1,1969.96,12504.66
1528,41,455,455,4,7662.40,12504.66
1529,2,456,456,3,4521.96,4521.96
1530,55,457,457,3,2914.92,10846.16
1531,2,457,457,3,4521.96,10846.16
1532,65,457,457,2,983.14,10846.16
1533,45,457,457,2,2426.14,10846.16
1534,57,458,458,5,4399.80,20458.52
1535,53,458,458,3,4260.06,20458.52
1536,10,458,458,4,3085.48,20458.52
1537,14,458,458,4,3019.72,20458.52
1538,62,458,458,3,3481.50,20458.52
1539,15,458,458,3,2211.96,20458.52
1540,13,459,459,5,2707.35,12097.97
1541,6,459,459,2,1979.60,12097.97
1542,26,459,459,3,5651.10,12097.97
1543,57,459,459,2,1759.92,12097.97
1544,47,460,460,4,179.84,3053.78
1545,64,460,460,2,2873.94,3053.78
1546,62,461,461,3,3481.50,9988.79
1547,33,461,461,3,4479.39,9988.79
1548,24,461,461,2,724.42,9988.79
1549,36,461,461,4,1303.48,9988.79
1550,2,462,462,2,3014.64,8615.27
1551,35,462,462,3,4533.48,8615.27
1552,25,462,462,1,1067.15,8615.27
1553,29,463,463,2,848.06,7624.36
1554,62,463,463,4,4642.00,7624.36
1555,25,463,463,2,2134.30,7624.36
1556,48,464,464,2,3288.28,7316.87
1557,47,464,464,4,179.84,7316.87
1558,12,464,464,5,1105.70,7316.87
1559,49,464,464,2,1882.50,7316.87
1560,38,464,464,5,860.55,7316.87
1561,37,465,465,4,4830.68,4830.68
1562,12,466,466,2,442.28,10456.74
1563,53,466,466,1,1420.02,10456.74
1564,55,466,466,4,3886.56,10456.74
1565,46,466,466,5,2636.70,10456.74
1566,5,466,466,1,1554.85,10456.74
1567,38,466,466,3,516.33,10456.74
1568,31,467,467,3,1815.33,1815.33
1569,13,468,468,4,2165.88,22999.33
1570,4,468,468,2,3748.16,22999.33
1571,48,468,468,3,4932.42,22999.33
1572,54,468,468,3,5273.01,22999.33
1573,62,468,468,2,2321.00,22999.33
1574,44,468,468,3,4558.86,22999.33
1575,60,469,469,4,2622.92,6148.80
1576,38,469,469,4,688.44,6148.80
1577,39,469,469,2,2837.44,6148.80
1578,10,470,470,4,3085.48,14603.86
1579,34,470,470,4,6099.84,14603.86
1580,30,470,470,3,5418.54,14603.86
1581,12,471,471,1,221.14,221.14
1582,44,472,472,3,4558.86,13023.10
1583,31,472,472,1,605.11,13023.10
1584,3,472,472,2,2189.24,13023.10
1585,12,472,472,1,221.14,13023.10
1586,48,472,472,3,4932.42,13023.10
1587,38,472,472,3,516.33,13023.10
1588,59,473,473,2,183.26,6481.48
1589,57,473,473,2,1759.92,6481.48
1590,55,473,473,4,3886.56,6481.48
1591,36,473,473,2,651.74,6481.48
1592,9,474,474,3,579.06,17141.75
1593,27,474,474,2,3775.76,17141.75
1594,52,474,474,4,7879.84,17141.75
1595,11,474,474,3,1075.89,17141.75
1596,41,474,474,2,3831.20,17141.75
1597,5,475,475,4,6219.40,9529.05
1598,51,475,475,4,1055.16,9529.05
1599,59,475,475,3,274.89,9529.05
1600,6,475,475,2,1979.60,9529.05
1601,41,476,476,1,1915.60,16185.98
1602,8,476,476,4,3088.40,16185.98
1603,40,476,476,2,2374.94,16185.98
1604,48,476,476,4,6576.56,16185.98
1605,7,476,476,4,2230.48,16185.98
1606,19,477,477,5,9554.45,17758.60
1607,24,477,477,3,1086.63,17758.60
1608,62,477,477,5,5802.50,17758.60
1609,1,477,477,1,1040.13,17758.60
1610,59,477,477,3,274.89,17758.60
1611,52,478,478,2,3939.92,19437.79
1612,45,478,478,2,2426.14,19437.79
1613,52,478,478,3,5909.88,19437.79
1614,53,478,478,4,5680.08,19437.79
1615,21,478,478,1,1481.77,19437.79
1616,4,479,479,5,9370.40,10678.14
1617,13,479,479,2,1082.94,10678.14
1618,47,479,479,5,224.80,10678.14
1619,2,480,480,4,6029.28,6029.28
1620,19,481,481,4,7643.56,8146.37
1621,38,481,481,1,172.11,8146.37
1622,58,481,481,5,330.70,8146.37
1623,2,482,482,2,3014.64,10580.54
1624,47,482,482,4,179.84,10580.54
1625,33,482,482,2,2986.26,10580.54
1626,57,482,482,5,4399.80,10580.54
1627,48,483,483,2,3288.28,14514.25
1628,42,483,483,3,1715.55,14514.25
1629,46,483,483,4,2109.36,14514.25
1630,39,483,483,1,1418.72,14514.25
1631,47,483,483,4,179.84,14514.25
1632,62,483,483,5,5802.50,14514.25
1633,37,484,484,3,3623.01,10234.28
1634,49,484,484,2,1882.50,10234.28
1635,17,484,484,4,3274.16,10234.28
1636,38,484,484,3,516.33,10234.28
1637,63,484,484,3,938.28,10234.28
1638,2,485,485,3,4521.96,14186.92
1639,48,485,485,4,6576.56,14186.92
1640,8,485,485,4,3088.40,14186.92
1641,10,486,486,4,3085.48,7719.34
1642,22,486,486,2,270.88,7719.34
1643,60,486,486,2,1311.46,7719.34
1644,8,486,486,2,1544.20,7719.34
1645,2,486,486,1,1507.32,7719.34
1646,6,487,487,3,2969.40,4056.03
1647,24,487,487,3,1086.63,4056.03
1648,47,488,488,5,224.80,8273.77
1649,19,488,488,3,5732.67,8273.77
1650,8,488,488,3,2316.30,8273.77
1651,54,489,489,4,7030.68,23526.68
1652,39,489,489,2,2837.44,23526.68
1653,32,489,489,5,1674.00,23526.68
1654,23,489,489,1,1575.82,23526.68
1655,26,489,489,4,7534.80,23526.68
1656,64,489,489,2,2873.94,23526.68
1657,23,490,490,5,7879.10,22135.97
1658,8,490,490,3,2316.30,22135.97
1659,26,490,490,4,7534.80,22135.97
1660,46,490,490,3,1582.02,22135.97
1661,49,490,490,3,2823.75,22135.97
1662,32,491,491,3,1004.40,6529.32
1663,57,491,491,2,1759.92,6529.32
1664,49,491,491,4,3765.00,6529.32
1665,8,492,492,1,772.10,6508.01
1666,24,492,492,1,362.21,6508.01
1667,24,492,492,2,724.42,6508.01
1668,63,492,492,5,1563.80,6508.01
1669,10,492,492,4,3085.48,6508.01
1670,63,493,493,5,1563.80,22723.02
1671,21,493,493,3,4445.31,22723.02
1672,57,493,493,4,3519.84,22723.02
1673,25,493,493,2,2134.30,22723.02
1674,41,493,493,5,9578.00,22723.02
1675,21,493,493,1,1481.77,22723.02
1676,43,494,494,5,9804.90,9804.90
1677,31,495,495,1,605.11,1132.69
1678,51,495,495,2,527.58,1132.69
1679,28,496,496,4,3260.56,9014.51
1680,47,496,496,3,134.88,9014.51
1681,63,496,496,5,1563.80,9014.51
1682,58,496,496,3,198.42,9014.51
1683,10,496,496,5,3856.85,9014.51
1684,23,497,497,2,3151.64,10367.60
1685,13,497,497,3,1624.41,10367.60
1686,3,497,497,4,4378.48,10367.60
1687,45,497,497,1,1213.07,10367.60
1688,46,498,498,4,2109.36,3988.61
1689,12,498,498,2,442.28,3988.61
1690,64,498,498,1,1436.97,3988.61
1691,10,499,499,4,3085.48,11334.15
1692,19,499,499,4,7643.56,11334.15
1693,31,499,499,1,605.11,11334.15
1694,32,500,500,3,1004.40,4278.56
1695,17,500,500,4,3274.16,4278.56
1696,64,501,501,4,5747.88,12382.58
1697,9,501,501,1,193.02,12382.58
1698,65,501,501,3,1474.71,12382.58
1699,23,501,501,2,3151.64,12382.58
1700,31,501,501,3,1815.33,12382.58
1701,7,502,502,4,2230.48,15162.22
1702,33,502,502,3,4479.39,15162.22
1703,26,502,502,2,3767.40,15162.22
1704,6,502,502,3,2969.40,15162.22
1705,42,502,502,3,1715.55,15162.22
1706,52,503,503,3,5909.88,14940.78
1707,30,503,503,5,9030.90,14940.78
1708,12,504,504,4,884.56,6124.72
1709,6,504,504,2,1979.60,6124.72
1710,28,504,504,4,3260.56,6124.72
1711,59,505,505,2,183.26,4069.82
1712,55,505,505,4,3886.56,4069.82
1713,55,506,506,3,2914.92,10143.20
1714,34,506,506,2,3049.92,10143.20
1715,18,506,506,4,4178.36,10143.20
1716,65,507,507,2,983.14,15595.00
1717,60,507,507,4,2622.92,15595.00
1718,45,507,507,2,2426.14,15595.00
1719,26,507,507,3,5651.10,15595.00
1720,47,507,507,2,89.92,15595.00
1721,19,507,507,2,3821.78,15595.00
1722,24,508,508,5,1811.05,1811.05
1723,46,509,509,2,1054.68,8653.87
1724,64,509,509,3,4310.91,8653.87
1725,48,509,509,2,3288.28,8653.87
1726,19,510,510,5,9554.45,26742.52
1727,54,510,510,3,5273.01,26742.52
1728,38,510,510,1,172.11,26742.52
1729,16,510,510,3,4640.55,26742.52
1730,40,510,510,2,2374.94,26742.52
1731,23,510,510,3,4727.46,26742.52
1732,3,511,511,3,3283.86,14866.32
1733,31,511,511,2,1210.22,14866.32
1734,39,511,511,2,2837.44,14866.32
1735,26,511,511,4,7534.80,14866.32
1736,31,512,512,1,605.11,605.11
1737,36,513,513,5,1629.35,12560.11
1738,45,513,513,2,2426.14,12560.11
1739,63,513,513,2,625.52,12560.11
1740,23,513,513,5,7879.10,12560.11
1741,61,514,514,2,1798.48,1798.48
1742,30,515,515,2,3612.36,15937.02
1743,43,515,515,3,5882.94,15937.02
1744,49,515,515,1,941.25,15937.02
1745,51,515,515,4,1055.16,15937.02
1746,21,515,515,3,4445.31,15937.02
1747,32,516,516,4,1339.20,11989.35
1748,28,516,516,1,815.14,11989.35
1749,52,516,516,2,3939.92,11989.35
1750,63,516,516,3,938.28,11989.35
1751,57,516,516,4,3519.84,11989.35
1752,64,516,516,1,1436.97,11989.35
1753,26,517,517,3,5651.10,20411.97
1754,54,517,517,5,8788.35,20411.97
1755,33,517,517,4,5972.52,20411.97
1756,47,518,518,3,134.88,2174.51
1757,11,518,518,4,1434.52,2174.51
1758,31,518,518,1,605.11,2174.51
1759,29,519,519,4,1696.12,2413.38
1760,11,519,519,2,717.26,2413.38
1761,10,520,520,3,2314.11,9516.80
1762,50,520,520,2,1712.12,9516.80
1763,50,520,520,5,4280.30,9516.80
1764,29,520,520,2,848.06,9516.80
1765,24,520,520,1,362.21,9516.80
1766,23,521,521,4,6303.28,18179.72
1767,34,521,521,3,4574.88,18179.72
1768,54,521,521,4,7030.68,18179.72
1769,22,521,521,2,270.88,18179.72
1770,33,522,522,3,4479.39,4545.53
1771,58,522,522,1,66.14,4545.53
1772,45,523,523,1,1213.07,1213.07
1773,25,524,524,4,4268.60,10241.12
1774,33,524,524,4,5972.52,10241.12
1775,24,525,525,4,1448.84,10732.94
1776,38,525,525,2,344.22,10732.94
1777,53,525,525,2,2840.04,10732.94
1778,34,525,525,4,6099.84,10732.94
1779,38,526,526,4,688.44,2736.32
1780,41,526,526,1,1915.60,2736.32
1781,58,526,526,2,132.28,2736.32
1782,17,527,527,1,818.54,7680.06
1783,23,527,527,1,1575.82,7680.06
1784,6,527,527,3,2969.40,7680.06
1785,8,527,527,3,2316.30,7680.06
1786,55,528,528,4,3886.56,7399.33
1787,24,528,528,3,1086.63,7399.33
1788,45,528,528,2,2426.14,7399.33
1789,20,529,529,1,1588.84,1588.84
1790,16,530,530,1,1546.85,4640.55
1791,16,530,530,2,3093.70,4640.55
1792,55,531,531,3,2914.92,7722.98
1793,47,531,531,4,179.84,7722.98
1794,10,531,531,3,2314.11,7722.98
1795,10,531,531,3,2314.11,7722.98
1796,10,532,532,5,3856.85,3856.85
1797,58,533,533,3,198.42,9616.92
1798,26,533,533,5,9418.50,9616.92
1799,60,534,534,2,1311.46,16528.55
1800,11,534,534,3,1075.89,16528.55
1801,33,534,534,4,5972.52,16528.55
1802,37,534,534,2,2415.34,16528.55
1803,32,534,534,1,334.80,16528.55
1804,30,534,534,3,5418.54,16528.55
1805,47,535,535,4,179.84,8049.39
1806,50,535,535,4,3424.24,8049.39
1807,21,535,535,3,4445.31,8049.39
1808,5,536,536,4,6219.40,6219.40
1809,24,537,537,1,362.21,10064.74
1810,47,537,537,5,224.80,10064.74
1811,41,537,537,4,7662.40,10064.74
1812,31,537,537,3,1815.33,10064.74
1813,7,538,538,1,557.62,981.65
1814,29,538,538,1,424.03,981.65
1815,41,539,539,3,5746.80,11856.19
1816,64,539,539,3,4310.91,11856.19
1817,61,539,539,2,1798.48,11856.19
1818,51,540,540,4,1055.16,3752.42
1819,46,540,540,3,1582.02,3752.42
1820,7,540,540,2,1115.24,3752.42
1821,52,541,541,5,9849.80,20834.87
1822,25,541,541,4,4268.60,20834.87
1823,8,541,541,2,1544.20,20834.87
1824,6,541,541,4,3959.20,20834.87
1825,45,541,541,1,1213.07,20834.87
1826,20,542,542,2,3177.68,4182.08
1827,32,542,542,3,1004.40,4182.08
1828,28,543,543,3,2445.42,7876.36
1829,41,543,543,1,1915.60,7876.36
1830,54,543,543,2,3515.34,7876.36
1831,29,544,544,4,1696.12,11048.76
1832,44,544,544,4,6078.48,11048.76
1833,17,544,544,4,3274.16,11048.76
1834,2,545,545,4,6029.28,17036.66
1835,39,545,545,3,4256.16,17036.66
1836,58,545,545,1,66.14,17036.66
1837,63,545,545,3,938.28,17036.66
1838,41,545,545,3,5746.80,17036.66
1839,36,546,546,4,1303.48,1303.48
1840,11,547,547,2,717.26,9853.94
1841,16,547,547,4,6187.40,9853.94
1842,15,547,547,4,2949.28,9853.94
1843,14,548,548,4,3019.72,11553.42
1844,40,548,548,2,2374.94,11553.42
1845,55,548,548,3,2914.92,11553.42
1846,56,548,548,3,1718.88,11553.42
1847,34,548,548,1,1524.96,11553.42
1848,49,549,549,2,1882.50,11460.50
1849,41,549,549,5,9578.00,11460.50
1850,13,550,550,4,2165.88,12163.36
1851,19,550,550,4,7643.56,12163.36
1852,31,550,550,2,1210.22,12163.36
1853,42,550,550,2,1143.70,12163.36
1854,16,551,551,2,3093.70,8799.56
1855,60,551,551,2,1311.46,8799.56
1856,1,551,551,2,2080.26,8799.56
1857,25,551,551,2,2134.30,8799.56
1858,47,551,551,4,179.84,8799.56
1859,16,552,552,4,6187.40,6187.40
1860,51,553,553,4,1055.16,4133.05
1861,33,553,553,2,2986.26,4133.05
1862,59,553,553,1,91.63,4133.05
1863,63,554,554,3,938.28,5225.76
1864,50,554,554,2,1712.12,5225.76
1865,17,554,554,2,1637.08,5225.76
1866,63,554,554,3,938.28,5225.76
1867,15,555,555,1,737.32,7853.06
1868,46,555,555,4,2109.36,7853.06
1869,29,555,555,3,1272.09,7853.06
1870,37,555,555,2,2415.34,7853.06
1871,51,555,555,5,1318.95,7853.06
1872,4,556,556,2,3748.16,9718.70
1873,12,556,556,4,884.56,9718.70
1874,31,556,556,4,2420.44,9718.70
1875,56,556,556,2,1145.92,9718.70
1876,44,556,556,1,1519.62,9718.70
1877,28,557,557,3,2445.42,14978.14
1878,25,557,557,5,5335.75,14978.14
1879,9,557,557,3,579.06,14978.14
1880,54,557,557,1,1757.67,14978.14
1881,63,557,557,3,938.28,14978.14
1882,43,557,557,2,3921.96,14978.14
1883,52,558,558,3,5909.88,6272.09
1884,24,558,558,1,362.21,6272.09
1885,32,559,559,3,1004.40,3449.82
1886,28,559,559,3,2445.42,3449.82
1887,11,560,560,1,358.63,5486.43
1888,5,560,560,2,3109.70,5486.43
1889,23,560,560,1,1575.82,5486.43
1890,12,560,560,2,442.28,5486.43
1891,31,561,561,2,1210.22,4484.38
1892,17,561,561,4,3274.16,4484.38
1893,39,562,562,4,5674.88,7454.42
1894,58,562,562,5,330.70,7454.42
1895,24,562,562,4,1448.84,7454.42
1896,53,563,563,3,4260.06,15675.72
1897,51,563,563,4,1055.16,15675.72
1898,28,563,563,4,3260.56,15675.72
1899,24,563,563,4,1448.84,15675.72
1900,26,563,563,3,5651.10,15675.72
1901,20,564,564,3,4766.52,18256.98
1902,51,564,564,4,1055.16,18256.98
1903,48,564,564,3,4932.42,18256.98
1904,6,564,564,3,2969.40,18256.98
1905,35,564,564,3,4533.48,18256.98
1906,20,565,565,3,4766.52,19996.06
1907,5,565,565,1,1554.85,19996.06
1908,27,565,565,3,5663.64,19996.06
1909,7,565,565,5,2788.10,19996.06
1910,18,565,565,5,5222.95,19996.06
1911,16,566,566,3,4640.55,10969.76
1912,63,566,566,1,312.76,10969.76
1913,42,566,566,5,2859.25,10969.76
1914,35,566,566,2,3022.32,10969.76
1915,47,566,566,3,134.88,10969.76
1916,13,567,567,5,2707.35,6227.19
1917,57,567,567,4,3519.84,6227.19
1918,10,568,568,4,3085.48,9331.41
1919,60,568,568,4,2622.92,9331.41
1920,37,568,568,3,3623.01,9331.41
1921,52,569,569,5,9849.80,30391.00
1922,17,569,569,3,2455.62,30391.00
1923,62,569,569,3,3481.50,30391.00
1924,41,569,569,4,7662.40,30391.00
1925,43,569,569,2,3921.96,30391.00
1926,14,569,569,4,3019.72,30391.00
1927,65,570,570,2,983.14,2069.77
1928,24,570,570,3,1086.63,2069.77
1929,37,571,571,1,1207.67,3521.78
1930,10,571,571,3,2314.11,3521.78
1931,50,572,572,4,3424.24,4539.48
1932,7,572,572,2,1115.24,4539.48
1933,12,573,573,5,1105.70,19220.60
1934,48,573,573,1,1644.14,19220.60
1935,48,573,573,4,6576.56,19220.60
1936,63,573,573,1,312.76,19220.60
1937,4,573,573,3,5622.24,19220.60
1938,6,573,573,4,3959.20,19220.60
1939,30,574,574,3,5418.54,5418.54
1940,36,575,575,5,1629.35,10199.40
1941,59,575,575,5,458.15,10199.40
1942,12,575,575,3,663.42,10199.40
1943,55,575,575,3,2914.92,10199.40
1944,29,575,575,4,1696.12,10199.40
1945,39,575,575,2,2837.44,10199.40
1946,34,576,576,2,3049.92,4694.06
1947,48,576,576,1,1644.14,4694.06
1948,52,577,577,4,7879.84,9840.82
1949,58,577,577,5,330.70,9840.82
1950,28,577,577,2,1630.28,9840.82
1951,59,578,578,3,274.89,930.62
1952,60,578,578,1,655.73,930.62
1953,22,579,579,3,406.32,2926.67
1954,10,579,579,2,1542.74,2926.67
1955,36,579,579,3,977.61,2926.67
1956,3,580,580,3,3283.86,12229.78
1957,25,580,580,4,4268.60,12229.78
1958,6,580,580,2,1979.60,12229.78
1959,61,580,580,3,2697.72,12229.78
1960,55,581,581,2,1943.28,15835.74
1961,17,581,581,5,4092.70,15835.74
1962,16,581,581,4,6187.40,15835.74
1963,30,581,581,2,3612.36,15835.74
1964,36,582,582,2,651.74,651.74
1965,46,583,583,3,1582.02,16566.18
1966,27,583,583,4,7551.52,16566.18
1967,55,583,583,4,3886.56,16566.18
1968,24,583,583,2,724.42,16566.18
1969,22,583,583,3,406.32,16566.18
1970,37,583,583,2,2415.34,16566.18
1971,59,584,584,2,183.26,8063.10
1972,52,584,584,4,7879.84,8063.10
1973,1,585,585,2,2080.26,14569.10
1974,28,585,585,2,1630.28,14569.10
1975,43,585,585,4,7843.92,14569.10
1976,2,585,585,2,3014.64,14569.10
1977,40,586,586,5,5937.35,13967.04
1978,63,586,586,2,625.52,13967.04
1979,37,586,586,2,2415.34,13967.04
1980,27,586,586,2,3775.76,13967.04
1981,45,586,586,1,1213.07,13967.04
1982,15,587,587,4,2949.28,23293.96
1983,65,587,587,2,983.14,23293.96
1984,27,587,587,4,7551.52,23293.96
1985,43,587,587,3,5882.94,23293.96
1986,21,587,587,4,5927.08,23293.96
1987,3,588,588,2,2189.24,2410.38
1988,12,588,588,1,221.14,2410.38
1989,62,589,589,1,1160.50,9977.88
1990,23,589,589,5,7879.10,9977.88
1991,63,589,589,3,938.28,9977.88
1992,9,590,590,3,579.06,3628.98
1993,34,590,590,2,3049.92,3628.98
1994,35,591,591,4,6044.64,6315.52
1995,22,591,591,2,270.88,6315.52
1996,48,592,592,4,6576.56,7068.13
1997,65,592,592,1,491.57,7068.13
1998,17,593,593,4,3274.16,7333.30
1999,18,593,593,2,2089.18,7333.30
2000,52,593,593,1,1969.96,7333.30
2001,48,594,594,4,6576.56,12486.84
2002,12,594,594,4,884.56,12486.84
2003,4,594,594,1,1874.08,12486.84
2004,23,594,594,2,3151.64,12486.84
2005,15,595,595,2,1474.64,6049.52
2006,34,595,595,3,4574.88,6049.52
2007,46,596,596,2,1054.68,5264.34
2008,18,596,596,3,3133.77,5264.34
2009,11,596,596,3,1075.89,5264.34
2010,14,597,597,3,2264.79,9281.55
2011,44,597,597,4,6078.48,9281.55
2012,63,597,597,3,938.28,9281.55
2013,29,598,598,3,1272.09,2946.09
2014,32,598,598,5,1674.00,2946.09
2015,61,599,599,3,2697.72,8580.66
2016,43,599,599,3,5882.94,8580.66
2017,51,600,600,5,1318.95,3229.84
2018,19,600,600,1,1910.89,3229.84
2019,2,601,601,3,4521.96,10027.16
2020,32,601,601,5,1674.00,10027.16
2021,41,601,601,2,3831.20,10027.16
2022,34,602,602,1,1524.96,5044.80
2023,57,602,602,4,3519.84,5044.80
2024,28,603,603,3,2445.42,22356.62
2025,31,603,603,2,1210.22,22356.62
2026,41,603,603,5,9578.00,22356.62
2027,2,603,603,4,6029.28,22356.62
2028,16,603,603,2,3093.70,22356.62
2029,26,604,604,5,9418.50,25785.87
2030,37,604,604,4,4830.68,25785.87
2031,22,604,604,3,406.32,25785.87
2032,27,604,604,1,1887.88,25785.87
2033,53,604,604,4,5680.08,25785.87
2034,40,604,604,3,3562.41,25785.87
2035,50,605,605,4,3424.24,16220.41
2036,48,605,605,5,8220.70,16220.41
2037,64,605,605,3,4310.91,16220.41
2038,58,605,605,4,264.56,16220.41
2039,15,606,606,4,2949.28,7558.75
2040,56,606,606,2,1145.92,7558.75
2041,22,606,606,2,270.88,7558.75
2042,6,606,606,2,1979.60,7558.75
2043,45,606,606,1,1213.07,7558.75
2044,41,607,607,5,9578.00,36389.07
2045,34,607,607,5,7624.80,36389.07
2046,48,607,607,3,4932.42,36389.07
2047,30,607,607,5,9030.90,36389.07
2048,18,607,607,5,5222.95,36389.07
2049,39,608,608,4,5674.88,13710.42
2050,60,608,608,1,655.73,13710.42
2051,25,608,608,3,3201.45,13710.42
2052,18,608,608,4,4178.36,13710.42
2053,36,609,609,4,1303.48,11179.16
2054,35,609,609,2,3022.32,11179.16
2055,11,609,609,3,1075.89,11179.16
2056,49,609,609,3,2823.75,11179.16
2057,51,609,609,2,527.58,11179.16
2058,45,609,609,2,2426.14,11179.16
2059,3,610,610,3,3283.86,7583.44
2060,18,610,610,3,3133.77,7583.44
2061,47,610,610,2,89.92,7583.44
2062,11,610,610,3,1075.89,7583.44
2063,50,611,611,3,2568.18,10262.53
2064,8,611,611,4,3088.40,10262.53
2065,56,611,611,4,2291.84,10262.53
2066,10,611,611,3,2314.11,10262.53
2067,30,612,612,3,5418.54,13528.99
2068,54,612,612,3,5273.01,13528.99
2069,39,612,612,2,2837.44,13528.99
2070,26,613,613,2,3767.40,3833.54
2071,58,613,613,1,66.14,3833.54
2072,39,614,614,2,2837.44,19342.93
2073,40,614,614,4,4749.88,19342.93
2074,3,614,614,3,3283.86,19342.93
2075,41,614,614,2,3831.20,19342.93
2076,16,614,614,3,4640.55,19342.93
2077,48,615,615,2,3288.28,11328.56
2078,61,615,615,4,3596.96,11328.56
2079,53,615,615,3,4260.06,11328.56
2080,59,615,615,2,183.26,11328.56
2081,25,616,616,3,3201.45,9128.53
2082,21,616,616,4,5927.08,9128.53
2083,12,617,617,3,663.42,17385.36
2084,34,617,617,4,6099.84,17385.36
2085,40,617,617,4,4749.88,17385.36
2086,5,617,617,3,4664.55,17385.36
2087,37,617,617,1,1207.67,17385.36
2088,38,618,618,2,344.22,22228.68
2089,6,618,618,2,1979.60,22228.68
2090,44,618,618,4,6078.48,22228.68
2091,41,618,618,5,9578.00,22228.68
2092,43,618,618,1,1960.98,22228.68
2093,42,618,618,4,2287.40,22228.68
2094,60,619,619,5,3278.65,3278.65
2095,42,620,620,4,2287.40,27109.68
2096,53,620,620,4,5680.08,27109.68
2097,26,620,620,4,7534.80,27109.68
2098,40,620,620,4,4749.88,27109.68
2099,28,620,620,4,3260.56,27109.68
2100,61,620,620,4,3596.96,27109.68
2101,24,621,621,4,1448.84,4313.64
2102,56,621,621,5,2864.80,4313.64
2103,46,622,622,4,2109.36,13202.33
2104,58,622,622,3,198.42,13202.33
2105,21,622,622,2,2963.54,13202.33
2106,8,622,622,5,3860.50,13202.33
2107,59,622,622,5,458.15,13202.33
2108,30,622,622,2,3612.36,13202.33
2109,3,623,623,3,3283.86,15023.45
2110,41,623,623,2,3831.20,15023.45
2111,63,623,623,2,625.52,15023.45
2112,9,623,623,2,386.04,15023.45
2113,13,623,623,1,541.47,15023.45
2114,20,623,623,4,6355.36,15023.45
2115,40,624,624,2,2374.94,11183.26
2116,56,624,624,2,1145.92,11183.26
2117,41,624,624,4,7662.40,11183.26
2118,44,625,625,4,6078.48,8701.40
2119,60,625,625,4,2622.92,8701.40
2120,14,626,626,3,2264.79,4384.49
2121,11,626,626,3,1075.89,4384.49
2122,38,626,626,4,688.44,4384.49
2123,59,626,626,2,183.26,4384.49
2124,38,626,626,1,172.11,4384.49
2125,22,627,627,4,541.76,1426.32
2126,12,627,627,4,884.56,1426.32
2127,52,628,628,4,7879.84,29997.93
2128,41,628,628,5,9578.00,29997.93
2129,24,628,628,5,1811.05,29997.93
2130,10,628,628,4,3085.48,29997.93
2131,19,628,628,4,7643.56,29997.93
2132,9,629,629,3,579.06,4341.09
2133,49,629,629,3,2823.75,4341.09
2134,63,629,629,3,938.28,4341.09
2135,35,630,630,2,3022.32,18588.22
2136,34,630,630,1,1524.96,18588.22
2137,22,630,630,2,270.88,18588.22
2138,19,630,630,5,9554.45,18588.22
2139,51,630,630,3,791.37,18588.22
2140,50,630,630,4,3424.24,18588.22
2141,51,631,631,5,1318.95,2434.19
2142,7,631,631,2,1115.24,2434.19
2143,36,632,632,5,1629.35,15649.33
2144,4,632,632,2,3748.16,15649.33
2145,16,632,632,2,3093.70,15649.33
2146,63,632,632,4,1251.04,15649.33
2147,21,632,632,4,5927.08,15649.33
2148,63,633,633,3,938.28,6642.56
2149,49,633,633,2,1882.50,6642.56
2150,19,633,633,2,3821.78,6642.56
2151,53,634,634,2,2840.04,5809.44
2152,6,634,634,3,2969.40,5809.44
2153,51,635,635,2,527.58,840.34
2154,63,635,635,1,312.76,840.34
2155,38,636,636,4,688.44,22598.12
2156,41,636,636,3,5746.80,22598.12
2157,5,636,636,4,6219.40,22598.12
2158,25,636,636,4,4268.60,22598.12
2159,39,636,636,4,5674.88,22598.12
2160,51,637,637,2,527.58,7741.45
2161,65,637,637,1,491.57,7741.45
2162,31,637,637,1,605.11,7741.45
2163,47,637,637,4,179.84,7741.45
2164,40,637,637,5,5937.35,7741.45
